Workbook

Sheet Voti
A1: Nome | B1: Voto | C1: Gf | D1: Gs | E1: Rp | F1: Rs | G1: Rf | H1: Au | I1: Amm | J1: Esp | K1: Ass | L1: fantavoto
A2: Svilar | B2: =IFERROR(INDEX(Fantacalcio!D:D, MATCH($A2, Fantacalcio!$C:$C, 0)), 0) -> 0 | C2: =IFERROR(INDEX(Fantacalcio!E:E, MATCH($A2, Fantacalcio!$C:$C, 0)), 0) -> 0 | D2: =IFERROR(INDEX(Fantacalcio!F:F, MATCH($A2, Fantacalcio!$C:$C, 0)), 0) -> 0 | E2: =IFERROR(INDEX(Fantacalcio!G:G, MATCH($A2, Fantacalcio!$C:$C, 0)), 0) -> 0 | F2: =IFERROR(INDEX(Fantacalcio!H:H, MATCH($A2, Fantacalcio!$C:$C, 0)), 0) -> 0 | G2: =IFERROR(INDEX(Fantacalcio!I:I, MATCH($A2, Fantacalcio!$C:$C, 0)), 0) -> 0 | H2: =IFERROR(INDEX(Fantacalcio!J:J, MATCH($A2, Fantacalcio!$C:$C, 0)), 0) -> 0 | I2: =IFERROR(INDEX(Fantacalcio!K:K, MATCH($A2, Fantacalcio!$C:$C, 0)), 0) -> 0 | J2: =IFERROR(INDEX(Fantacalcio!L:L, MATCH($A2, Fantacalcio!$C:$C, 0)), 0) -> 0 | K2: =IFERROR(INDEX(Fantacalcio!M:M, MATCH($A2, Fantacalcio!$C:$C, 0)), 0) -> 0 | L2: =B2+(C2*3)-D2+(E2*3)-(F2*3)+(G2*3)-(H2*2)-(IF(I2=1, 0.5, 0))-J2+K2 -> 0
A3: Carnesecchi | B3: =IFERROR(INDEX(Fantacalcio!D:D, MATCH($A3, Fantacalcio!$C:$C, 0)), 0) -> 6 | C3: =IFERROR(INDEX(Fantacalcio!E:E, MATCH($A3, Fantacalcio!$C:$C, 0)), 0) -> 0 | D3: =IFERROR(INDEX(Fantacalcio!F:F, MATCH($A3, Fantacalcio!$C:$C, 0)), 0) -> 1 | E3: =IFERROR(INDEX(Fantacalcio!G:G, MATCH($A3, Fantacalcio!$C:$C, 0)), 0) -> 0 | F3: =IFERROR(INDEX(Fantacalcio!H:H, MATCH($A3, Fantacalcio!$C:$C, 0)), 0) -> 0 | G3: =IFERROR(INDEX(Fantacalcio!I:I, MATCH($A3, Fantacalcio!$C:$C, 0)), 0) -> 0 | H3: =IFERROR(INDEX(Fantacalcio!J:J, MATCH($A3, Fantacalcio!$C:$C, 0)), 0) -> 0 | I3: =IFERROR(INDEX(Fantacalcio!K:K, MATCH($A3, Fantacalcio!$C:$C, 0)), 0) -> 0 | J3: =IFERROR(INDEX(Fantacalcio!L:L, MATCH($A3, Fantacalcio!$C:$C, 0)), 0) -> 0 | K3: =IFERROR(INDEX(Fantacalcio!M:M, MATCH($A3, Fantacalcio!$C:$C, 0)), 0) -> 0 | L3: =B3+(C3*3)-D3+(E3*3)-(F3*3)+(G3*3)-(H3*2)-(IF(I3=1, 0.5, 0))-J3+K3 -> 5
A4: Martinez Jo. | B4: =IFERROR(INDEX(Fantacalcio!D:D, MATCH($A4, Fantacalcio!$C:$C, 0)), 0) -> 6 | C4: =IFERROR(INDEX(Fantacalcio!E:E, MATCH($A4, Fantacalcio!$C:$C, 0)), 0) -> 0 | D4: =IFERROR(INDEX(Fantacalcio!F:F, MATCH($A4, Fantacalcio!$C:$C, 0)), 0) -> 0 | E4: =IFERROR(INDEX(Fantacalcio!G:G, MATCH($A4, Fantacalcio!$C:$C, 0)), 0) -> 0 | F4: =IFERROR(INDEX(Fantacalcio!H:H, MATCH($A4, Fantacalcio!$C:$C, 0)), 0) -> 0 | G4: =IFERROR(INDEX(Fantacalcio!I:I, MATCH($A4, Fantacalcio!$C:$C, 0)), 0) -> 0 | H4: =IFERROR(INDEX(Fantacalcio!J:J, MATCH($A4, Fantacalcio!$C:$C, 0)), 0) -> 0 | I4: =IFERROR(INDEX(Fantacalcio!K:K, MATCH($A4, Fantacalcio!$C:$C, 0)), 0) -> 0 | J4: =IFERROR(INDEX(Fantacalcio!L:L, MATCH($A4, Fantacalcio!$C:$C, 0)), 0) -> 0 | K4: =IFERROR(INDEX(Fantacalcio!M:M, MATCH($A4, Fantacalcio!$C:$C, 0)), 0) -> 0 | L4: =B4+(C4*3)-D4+(E4*3)-(F4*3)+(G4*3)-(H4*2)-(IF(I4=1, 0.5, 0))-J4+K4 -> 6
A5: Vicario | B5: =IFERROR(INDEX(Fantacalcio!D:D, MATCH($A5, Fantacalcio!$C:$C, 0)), 0) -> 6 | C5: =IFERROR(INDEX(Fantacalcio!E:E, MATCH($A5, Fantacalcio!$C:$C, 0)), 0) -> 0 | D5: =IFERROR(INDEX(Fantacalcio!F:F, MATCH($A5, Fantacalcio!$C:$C, 0)), 0) -> 1 | E5: =IFERROR(INDEX(Fantacalcio!G:G, MATCH($A5, Fantacalcio!$C:$C, 0)), 0) -> 0 | F5: =IFERROR(INDEX(Fantacalcio!H:H, MATCH($A5, Fantacalcio!$C:$C, 0)), 0) -> 0 | G5: =IFERROR(INDEX(Fantacalcio!I:I, MATCH($A5, Fantacalcio!$C:$C, 0)), 0) -> 0 | H5: =IFERROR(INDEX(Fantacalcio!J:J, MATCH($A5, Fantacalcio!$C:$C, 0)), 0) -> 0 | I5: =IFERROR(INDEX(Fantacalcio!K:K, MATCH($A5, Fantacalcio!$C:$C, 0)), 0) -> 0 | J5: =IFERROR(INDEX(Fantacalcio!L:L, MATCH($A5, Fantacalcio!$C:$C, 0)), 0) -> 0 | K5: =IFERROR(INDEX(Fantacalcio!M:M, MATCH($A5, Fantacalcio!$C:$C, 0)), 0) -> 0 | L5: =B5+(C5*3)-D5+(E5*3)-(F5*3)+(G5*3)-(H5*2)-(IF(I5=1, 0.5, 0))-J5+K5 -> 5
A6: Butez | B6: =IFERROR(INDEX(Fantacalcio!D:D, MATCH($A6, Fantacalcio!$C:$C, 0)), 0) -> 6 | C6: =IFERROR(INDEX(Fantacalcio!E:E, MATCH($A6, Fantacalcio!$C:$C, 0)), 0) -> 0 | D6: =IFERROR(INDEX(Fantacalcio!F:F, MATCH($A6, Fantacalcio!$C:$C, 0)), 0) -> 0 | E6: =IFERROR(INDEX(Fantacalcio!G:G, MATCH($A6, Fantacalcio!$C:$C, 0)), 0) -> 0 | F6: =IFERROR(INDEX(Fantacalcio!H:H, MATCH($A6, Fantacalcio!$C:$C, 0)), 0) -> 0 | G6: =IFERROR(INDEX(Fantacalcio!I:I, MATCH($A6, Fantacalcio!$C:$C, 0)), 0) -> 0 | H6: =IFERROR(INDEX(Fantacalcio!J:J, MATCH($A6, Fantacalcio!$C:$C, 0)), 0) -> 0 | I6: =IFERROR(INDEX(Fantacalcio!K:K, MATCH($A6, Fantacalcio!$C:$C, 0)), 0) -> 0 | J6: =IFERROR(INDEX(Fantacalcio!L:L, MATCH($A6, Fantacalcio!$C:$C, 0)), 0) -> 0 | K6: =IFERROR(INDEX(Fantacalcio!M:M, MATCH($A6, Fantacalcio!$C:$C, 0)), 0) -> 0 | L6: =B6+(C6*3)-D6+(E6*3)-(F6*3)+(G6*3)-(H6*2)-(IF(I6=1, 0.5, 0))-J6+K6 -> 6
A7: Maignan | B7: =IFERROR(INDEX(Fantacalcio!D:D, MATCH($A7, Fantacalcio!$C:$C, 0)), 0) -> 6.5 | C7: =IFERROR(INDEX(Fantacalcio!E:E, MATCH($A7, Fantacalcio!$C:$C, 0)), 0) -> 0 | D7: =IFERROR(INDEX(Fantacalcio!F:F, MATCH($A7, Fantacalcio!$C:$C, 0)), 0) -> 1 | E7: =IFERROR(INDEX(Fantacalcio!G:G, MATCH($A7, Fantacalcio!$C:$C, 0)), 0) -> 0 | F7: =IFERROR(INDEX(Fantacalcio!H:H, MATCH($A7, Fantacalcio!$C:$C, 0)), 0) -> 0 | G7: =IFERROR(INDEX(Fantacalcio!I:I, MATCH($A7, Fantacalcio!$C:$C, 0)), 0) -> 0 | H7: =IFERROR(INDEX(Fantacalcio!J:J, MATCH($A7, Fantacalcio!$C:$C, 0)), 0) -> 0 | I7: =IFERROR(INDEX(Fantacalcio!K:K, MATCH($A7, Fantacalcio!$C:$C, 0)), 0) -> 0 | J7: =IFERROR(INDEX(Fantacalcio!L:L, MATCH($A7, Fantacalcio!$C:$C, 0)), 0) -> 0 | K7: =IFERROR(INDEX(Fantacalcio!M:M, MATCH($A7, Fantacalcio!$C:$C, 0)), 0) -> 0 | L7: =B7+(C7*3)-D7+(E7*3)-(F7*3)+(G7*3)-(H7*2)-(IF(I7=1, 0.5, 0))-J7+K7 -> 5.5
A8: Caprile | B8: =IFERROR(INDEX(Fantacalcio!D:D, MATCH($A8, Fantacalcio!$C:$C, 0)), 0) -> 7 | C8: =IFERROR(INDEX(Fantacalcio!E:E, MATCH($A8, Fantacalcio!$C:$C, 0)), 0) -> 0 | D8: =IFERROR(INDEX(Fantacalcio!F:F, MATCH($A8, Fantacalcio!$C:$C, 0)), 0) -> 1 | E8: =IFERROR(INDEX(Fantacalcio!G:G, MATCH($A8, Fantacalcio!$C:$C, 0)), 0) -> 0 | F8: =IFERROR(INDEX(Fantacalcio!H:H, MATCH($A8, Fantacalcio!$C:$C, 0)), 0) -> 0 | G8: =IFERROR(INDEX(Fantacalcio!I:I, MATCH($A8, Fantacalcio!$C:$C, 0)), 0) -> 0 | H8: =IFERROR(INDEX(Fantacalcio!J:J, MATCH($A8, Fantacalcio!$C:$C, 0)), 0) -> 0 | I8: =IFERROR(INDEX(Fantacalcio!K:K, MATCH($A8, Fantacalcio!$C:$C, 0)), 0) -> 0 | J8: =IFERROR(INDEX(Fantacalcio!L:L, MATCH($A8, Fantacalcio!$C:$C, 0)), 0) -> 0 | K8: =IFERROR(INDEX(Fantacalcio!M:M, MATCH($A8, Fantacalcio!$C:$C, 0)), 0) -> 0 | L8: =B8+(C8*3)-D8+(E8*3)-(F8*3)+(G8*3)-(H8*2)-(IF(I8=1, 0.5, 0))-J8+K8 -> 6
A9: Mandas | B9: =IFERROR(INDEX(Fantacalcio!D:D, MATCH($A9, Fantacalcio!$C:$C, 0)), 0) -> 6.5 | C9: =IFERROR(INDEX(Fantacalcio!E:E, MATCH($A9, Fantacalcio!$C:$C, 0)), 0) -> 0 | D9: =IFERROR(INDEX(Fantacalcio!F:F, MATCH($A9, Fantacalcio!$C:$C, 0)), 0) -> 1 | E9: =IFERROR(INDEX(Fantacalcio!G:G, MATCH($A9, Fantacalcio!$C:$C, 0)), 0) -> 0 | F9: =IFERROR(INDEX(Fantacalcio!H:H, MATCH($A9, Fantacalcio!$C:$C, 0)), 0) -> 0 | G9: =IFERROR(INDEX(Fantacalcio!I:I, MATCH($A9, Fantacalcio!$C:$C, 0)), 0) -> 0 | H9: =IFERROR(INDEX(Fantacalcio!J:J, MATCH($A9, Fantacalcio!$C:$C, 0)), 0) -> 0 | I9: =IFERROR(INDEX(Fantacalcio!K:K, MATCH($A9, Fantacalcio!$C:$C, 0)), 0) -> 0 | J9: =IFERROR(INDEX(Fantacalcio!L:L, MATCH($A9, Fantacalcio!$C:$C, 0)), 0) -> 0 | K9: =IFERROR(INDEX(Fantacalcio!M:M, MATCH($A9, Fantacalcio!$C:$C, 0)), 0) -> 0 | L9: =B9+(C9*3)-D9+(E9*3)-(F9*3)+(G9*3)-(H9*2)-(IF(I9=1, 0.5, 0))-J9+K9 -> 5.5
A10: Meret | B10: =IFERROR(INDEX(Fantacalcio!D:D, MATCH($A10, Fantacalcio!$C:$C, 0)), 0) -> 6 | C10: =IFERROR(INDEX(Fantacalcio!E:E, MATCH($A10, Fantacalcio!$C:$C, 0)), 0) -> 0 | D10: =IFERROR(INDEX(Fantacalcio!F:F, MATCH($A10, Fantacalcio!$C:$C, 0)), 0) -> 0 | E10: =IFERROR(INDEX(Fantacalcio!G:G, MATCH($A10, Fantacalcio!$C:$C, 0)), 0) -> 0 | F10: =IFERROR(INDEX(Fantacalcio!H:H, MATCH($A10, Fantacalcio!$C:$C, 0)), 0) -> 0 | G10: =IFERROR(INDEX(Fantacalcio!I:I, MATCH($A10, Fantacalcio!$C:$C, 0)), 0) -> 0 | H10: =IFERROR(INDEX(Fantacalcio!J:J, MATCH($A10, Fantacalcio!$C:$C, 0)), 0) -> 0 | I10: =IFERROR(INDEX(Fantacalcio!K:K, MATCH($A10, Fantacalcio!$C:$C, 0)), 0) -> 0 | J10: =IFERROR(INDEX(Fantacalcio!L:L, MATCH($A10, Fantacalcio!$C:$C, 0)), 0) -> 0 | K10: =IFERROR(INDEX(Fantacalcio!M:M, MATCH($A10, Fantacalcio!$C:$C, 0)), 0) -> 0 | L10: =B10+(C10*3)-D10+(E10*3)-(F10*3)+(G10*3)-(H10*2)-(IF(I10=1, 0.5, 0))-J10+K10 -> 6
A11: Skorupski | B11: =IFERROR(INDEX(Fantacalcio!D:D, MATCH($A11, Fantacalcio!$C:$C, 0)), 0) -> 0 | C11: =IFERROR(INDEX(Fantacalcio!E:E, MATCH($A11, Fantacalcio!$C:$C, 0)), 0) -> 0 | D11: =IFERROR(INDEX(Fantacalcio!F:F, MATCH($A11, Fantacalcio!$C:$C, 0)), 0) -> 0 | E11: =IFERROR(INDEX(Fantacalcio!G:G, MATCH($A11, Fantacalcio!$C:$C, 0)), 0) -> 0 | F11: =IFERROR(INDEX(Fantacalcio!H:H, MATCH($A11, Fantacalcio!$C:$C, 0)), 0) -> 0 | G11: =IFERROR(INDEX(Fantacalcio!I:I, MATCH($A11, Fantacalcio!$C:$C, 0)), 0) -> 0 | H11: =IFERROR(INDEX(Fantacalcio!J:J, MATCH($A11, Fantacalcio!$C:$C, 0)), 0) -> 0 | I11: =IFERROR(INDEX(Fantacalcio!K:K, MATCH($A11, Fantacalcio!$C:$C, 0)), 0) -> 0 | J11: =IFERROR(INDEX(Fantacalcio!L:L, MATCH($A11, Fantacalcio!$C:$C, 0)), 0) -> 0 | K11: =IFERROR(INDEX(Fantacalcio!M:M, MATCH($A11, Fantacalcio!$C:$C, 0)), 0) -> 0 | L11: =B11+(C11*3)-D11+(E11*3)-(F11*3)+(G11*3)-(H11*2)-(IF(I11=1, 0.5, 0))-J11+K11 -> 0
A12: De Gea | B12: =IFERROR(INDEX(Fantacalcio!D:D, MATCH($A12, Fantacalcio!$C:$C, 0)), 0) -> 5.5 | C12: =IFERROR(INDEX(Fantacalcio!E:E, MATCH($A12, Fantacalcio!$C:$C, 0)), 0) -> 0 | D12: =IFERROR(INDEX(Fantacalcio!F:F, MATCH($A12, Fantacalcio!$C:$C, 0)), 0) -> 2 | E12: =IFERROR(INDEX(Fantacalcio!G:G, MATCH($A12, Fantacalcio!$C:$C, 0)), 0) -> 0 | F12: =IFERROR(INDEX(Fantacalcio!H:H, MATCH($A12, Fantacalcio!$C:$C, 0)), 0) -> 0 | G12: =IFERROR(INDEX(Fantacalcio!I:I, MATCH($A12, Fantacalcio!$C:$C, 0)), 0) -> 0 | H12: =IFERROR(INDEX(Fantacalcio!J:J, MATCH($A12, Fantacalcio!$C:$C, 0)), 0) -> 0 | I12: =IFERROR(INDEX(Fantacalcio!K:K, MATCH($A12, Fantacalcio!$C:$C, 0)), 0) -> 0 | J12: =IFERROR(INDEX(Fantacalcio!L:L, MATCH($A12, Fantacalcio!$C:$C, 0)), 0) -> 0 | K12: =IFERROR(INDEX(Fantacalcio!M:M, MATCH($A12, Fantacalcio!$C:$C, 0)), 0) -> 0 | L12: =B12+(C12*3)-D12+(E12*3)-(F12*3)+(G12*3)-(H12*2)-(IF(I12=1, 0.5, 0))-J12+K12 -> 3.5
A13: Okoye | B13: =IFERROR(INDEX(Fantacalcio!D:D, MATCH($A13, Fantacalcio!$C:$C, 0)), 0) -> 4.5 | C13: =IFERROR(INDEX(Fantacalcio!E:E, MATCH($A13, Fantacalcio!$C:$C, 0)), 0) -> 0 | D13: =IFERROR(INDEX(Fantacalcio!F:F, MATCH($A13, Fantacalcio!$C:$C, 0)), 0) -> 2 | E13: =IFERROR(INDEX(Fantacalcio!G:G, MATCH($A13, Fantacalcio!$C:$C, 0)), 0) -> 0 | F13: =IFERROR(INDEX(Fantacalcio!H:H, MATCH($A13, Fantacalcio!$C:$C, 0)), 0) -> 0 | G13: =IFERROR(INDEX(Fantacalcio!I:I, MATCH($A13, Fantacalcio!$C:$C, 0)), 0) -> 0 | H13: =IFERROR(INDEX(Fantacalcio!J:J, MATCH($A13, Fantacalcio!$C:$C, 0)), 0) -> 0 | I13: =IFERROR(INDEX(Fantacalcio!K:K, MATCH($A13, Fantacalcio!$C:$C, 0)), 0) -> 0 | J13: =IFERROR(INDEX(Fantacalcio!L:L, MATCH($A13, Fantacalcio!$C:$C, 0)), 0) -> 0 | K13: =IFERROR(INDEX(Fantacalcio!M:M, MATCH($A13, Fantacalcio!$C:$C, 0)), 0) -> 0 | L13: =B13+(C13*3)-D13+(E13*3)-(F13*3)+(G13*3)-(H13*2)-(IF(I13=1, 0.5, 0))-J13+K13 -> 2.5
... A88: Miranda J. | B88: =IFERROR(INDEX(Fantacalcio!D:D, MATCH($A88, Fantacalcio!$C:$C, 0)), 0) -> 6.5 | C88: =IFERROR(INDEX(Fantacalcio!E:E, MATCH($A88, Fantacalcio!$C:$C, 0)), 0) -> 0 | D88: =IFERROR(INDEX(Fantacalcio!F:F, MATCH($A88, Fantacalcio!$C:$C, 0)), 0) -> 0 | E88: =IFERROR(INDEX(Fantacalcio!G:G, MATCH($A88, Fantacalcio!$C:$C, 0)), 0) -> 0 | F88: =IFERROR(INDEX(Fantacalcio!H:H, MATCH($A88, Fantacalcio!$C:$C, 0)), 0) -> 0 | G88: =IFERROR(INDEX(Fantacalcio!I:I, MATCH($A88, Fantacalcio!$C:$C, 0)), 0) -> 0 | H88: =IFERROR(INDEX(Fantacalcio!J:J, MATCH($A88, Fantacalcio!$C:$C, 0)), 0) -> 0 | I88: =IFERROR(INDEX(Fantacalcio!K:K, MATCH($A88, Fantacalcio!$C:$C, 0)), 0) -> 0 | J88: =IFERROR(INDEX(Fantacalcio!L:L, MATCH($A88, Fantacalcio!$C:$C, 0)), 0) -> 0 | K88: =IFERROR(INDEX(Fantacalcio!M:M, MATCH($A88, Fantacalcio!$C:$C, 0)), 0) -> 0 | L88: =B88+(C88*3)-D88+(E88*3)-(F88*3)+(G88*3)-(H88*2)-(IF(I88=1, 0.5, 0))-J88+K88 -> 6.5
A89: Dodò | B89: 6 | C89: =IFERROR(INDEX(Fantacalcio!E:E, MATCH($A89, Fantacalcio!$C:$C, 0)), 0) -> 0 | D89: =IFERROR(INDEX(Fantacalcio!F:F, MATCH($A89, Fantacalcio!$C:$C, 0)), 0) -> 0 | E89: =IFERROR(INDEX(Fantacalcio!G:G, MATCH($A89, Fantacalcio!$C:$C, 0)), 0) -> 0 | F89: =IFERROR(INDEX(Fantacalcio!H:H, MATCH($A89, Fantacalcio!$C:$C, 0)), 0) -> 0 | G89: =IFERROR(INDEX(Fantacalcio!I:I, MATCH($A89, Fantacalcio!$C:$C, 0)), 0) -> 0 | H89: =IFERROR(INDEX(Fantacalcio!J:J, MATCH($A89, Fantacalcio!$C:$C, 0)), 0) -> 0 | I89: =IFERROR(INDEX(Fantacalcio!K:K, MATCH($A89, Fantacalcio!$C:$C, 0)), 0) -> 0 | J89: =IFERROR(INDEX(Fantacalcio!L:L, MATCH($A89, Fantacalcio!$C:$C, 0)), 0) -> 0 | K89: =IFERROR(INDEX(Fantacalcio!M:M, MATCH($A89, Fantacalcio!$C:$C, 0)), 0) -> 0 | L89: =B89+(C89*3)-D89+(E89*3)-(F89*3)+(G89*3)-(H89*2)-(IF(I89=1, 0.5, 0))-J89+K89 -> 6
A90: Vasquez | B90: =IFERROR(INDEX(Fantacalcio!D:D, MATCH($A90, Fantacalcio!$C:$C, 0)), 0) -> 5.5 | C90: =IFERROR(INDEX(Fantacalcio!E:E, MATCH($A90, Fantacalcio!$C:$C, 0)), 0) -> 0 | D90: =IFERROR(INDEX(Fantacalcio!F:F, MATCH($A90, Fantacalcio!$C:$C, 0)), 0) -> 0 | E90: =IFERROR(INDEX(Fantacalcio!G:G, MATCH($A90, Fantacalcio!$C:$C, 0)), 0) -> 0 | F90: =IFERROR(INDEX(Fantacalcio!H:H, MATCH($A90, Fantacalcio!$C:$C, 0)), 0) -> 0 | G90: =IFERROR(INDEX(Fantacalcio!I:I, MATCH($A90, Fantacalcio!$C:$C, 0)), 0) -> 0 | H90: =IFERROR(INDEX(Fantacalcio!J:J, MATCH($A90, Fantacalcio!$C:$C, 0)), 0) -> 1 | I90: =IFERROR(INDEX(Fantacalcio!K:K, MATCH($A90, Fantacalcio!$C:$C, 0)), 0) -> 1 | J90: =IFERROR(INDEX(Fantacalcio!L:L, MATCH($A90, Fantacalcio!$C:$C, 0)), 0) -> 0 | K90: =IFERROR(INDEX(Fantacalcio!M:M, MATCH($A90, Fantacalcio!$C:$C, 0)), 0) -> 0 | L90: =B90+(C90*3)-D90+(E90*3)-(F90*3)+(G90*3)-(H90*2)-(IF(I90=1, 0.5, 0))-J90+K90 -> 3
A91: Valeri | B91: =IFERROR(INDEX(Fantacalcio!D:D, MATCH($A91, Fantacalcio!$C:$C, 0)), 0) -> 5 | C91: =IFERROR(INDEX(Fantacalcio!E:E, MATCH($A91, Fantacalcio!$C:$C, 0)), 0) -> 0 | D91: =IFERROR(INDEX(Fantacalcio!F:F, MATCH($A91, Fantacalcio!$C:$C, 0)), 0) -> 0 | E91: =IFERROR(INDEX(Fantacalcio!G:G, MATCH($A91, Fantacalcio!$C:$C, 0)), 0) -> 0 | F91: =IFERROR(INDEX(Fantacalcio!H:H, MATCH($A91, Fantacalcio!$C:$C, 0)), 0) -> 0 | G91: =IFERROR(INDEX(Fantacalcio!I:I, MATCH($A91, Fantacalcio!$C:$C, 0)), 0) -> 0 | H91: =IFERROR(INDEX(Fantacalcio!J:J, MATCH($A91, Fantacalcio!$C:$C, 0)), 0) -> 0 | I91: =IFERROR(INDEX(Fantacalcio!K:K, MATCH($A91, Fantacalcio!$C:$C, 0)), 0) -> 0 | J91: =IFERROR(INDEX(Fantacalcio!L:L, MATCH($A91, Fantacalcio!$C:$C, 0)), 0) -> 0 | K91: =IFERROR(INDEX(Fantacalcio!M:M, MATCH($A91, Fantacalcio!$C:$C, 0)), 0) -> 0 | L91: =B91+(C91*3)-D91+(E91*3)-(F91*3)+(G91*3)-(H91*2)-(IF(I91=1, 0.5, 0))-J91+K91 -> 5
A92: Vojvoda | B92: =IFERROR(INDEX(Fantacalcio!D:D, MATCH($A92, Fantacalcio!$C:$C, 0)), 0) -> 5.5 | C92: =IFERROR(INDEX(Fantacalcio!E:E, MATCH($A92, Fantacalcio!$C:$C, 0)), 0) -> 0 | D92: =IFERROR(INDEX(Fantacalcio!F:F, MATCH($A92, Fantacalcio!$C:$C, 0)), 0) -> 0 | E92: =IFERROR(INDEX(Fantacalcio!G:G, MATCH($A92, Fantacalcio!$C:$C, 0)), 0) -> 0 | F92: =IFERROR(INDEX(Fantacalcio!H:H, MATCH($A92, Fantacalcio!$C:$C, 0)), 0) -> 0 | G92: =IFERROR(INDEX(Fantacalcio!I:I, MATCH($A92, Fantacalcio!$C:$C, 0)), 0) -> 0 | H92: =IFERROR(INDEX(Fantacalcio!J:J, MATCH($A92, Fantacalcio!$C:$C, 0)), 0) -> 0 | I92: =IFERROR(INDEX(Fantacalcio!K:K, MATCH($A92, Fantacalcio!$C:$C, 0)), 0) -> 0 | J92: =IFERROR(INDEX(Fantacalcio!L:L, MATCH($A92, Fantacalcio!$C:$C, 0)), 0) -> 0 | K92: =IFERROR(INDEX(Fantacalcio!M:M, MATCH($A92, Fantacalcio!$C:$C, 0)), 0) -> 0 | L92: =B92+(C92*3)-D92+(E92*3)-(F92*3)+(G92*3)-(H92*2)-(IF(I92=1, 0.5, 0))-J92+K92 -> 5.5
A93: Couto | B93: =IFERROR(INDEX(Fantacalcio!D:D, MATCH($A93, Fantacalcio!$C:$C, 0)), 0) -> 6 | C93: =IFERROR(INDEX(Fantacalcio!E:E, MATCH($A93, Fantacalcio!$C:$C, 0)), 0) -> 0 | D93: =IFERROR(INDEX(Fantacalcio!F:F, MATCH($A93, Fantacalcio!$C:$C, 0)), 0) -> 0 | E93: =IFERROR(INDEX(Fantacalcio!G:G, MATCH($A93, Fantacalcio!$C:$C, 0)), 0) -> 0 | F93: =IFERROR(INDEX(Fantacalcio!H:H, MATCH($A93, Fantacalcio!$C:$C, 0)), 0) -> 0 | G93: =IFERROR(INDEX(Fantacalcio!I:I, MATCH($A93, Fantacalcio!$C:$C, 0)), 0) -> 0 | H93: =IFERROR(INDEX(Fantacalcio!J:J, MATCH($A93, Fantacalcio!$C:$C, 0)), 0) -> 0 | I93: =IFERROR(INDEX(Fantacalcio!K:K, MATCH($A93, Fantacalcio!$C:$C, 0)), 0) -> 0 | J93: =IFERROR(INDEX(Fantacalcio!L:L, MATCH($A93, Fantacalcio!$C:$C, 0)), 0) -> 0 | K93: =IFERROR(INDEX(Fantacalcio!M:M, MATCH($A93, Fantacalcio!$C:$C, 0)), 0) -> 0 | L93: =B93+(C93*3)-D93+(E93*3)-(F93*3)+(G93*3)-(H93*2)-(IF(I93=1, 0.5, 0))-J93+K93 -> 6
A94: Zappacosta | B94: =IFERROR(INDEX(Fantacalcio!D:D, MATCH($A94, Fantacalcio!$C:$C, 0)), 0) -> 5.5 | C94: =IFERROR(INDEX(Fantacalcio!E:E, MATCH($A94, Fantacalcio!$C:$C, 0)), 0) -> 0 | D94: =IFERROR(INDEX(Fantacalcio!F:F, MATCH($A94, Fantacalcio!$C:$C, 0)), 0) -> 0 | E94: =IFERROR(INDEX(Fantacalcio!G:G, MATCH($A94, Fantacalcio!$C:$C, 0)), 0) -> 0 | F94: =IFERROR(INDEX(Fantacalcio!H:H, MATCH($A94, Fantacalcio!$C:$C, 0)), 0) -> 0 | G94: =IFERROR(INDEX(Fantacalcio!I:I, MATCH($A94, Fantacalcio!$C:$C, 0)), 0) -> 0 | H94: =IFERROR(INDEX(Fantacalcio!J:J, MATCH($A94, Fantacalcio!$C:$C, 0)), 0) -> 0 | I94: =IFERROR(INDEX(Fantacalcio!K:K, MATCH($A94, Fantacalcio!$C:$C, 0)), 0) -> 0 | J94: =IFERROR(INDEX(Fantacalcio!L:L, MATCH($A94, Fantacalcio!$C:$C, 0)), 0) -> 0 | K94: =IFERROR(INDEX(Fantacalcio!M:M, MATCH($A94, Fantacalcio!$C:$C, 0)), 0) -> 0 | L94: =B94+(C94*3)-D94+(E94*3)-(F94*3)+(G94*3)-(H94*2)-(IF(I94=1, 0.5, 0))-J94+K94 -> 5.5
A95: Lucumì | B95: =IFERROR(INDEX(Fantacalcio!D:D, MATCH($A95, Fantacalcio!$C:$C, 0)), 0) -> 5.5 | C95: =IFERROR(INDEX(Fantacalcio!E:E, MATCH($A95, Fantacalcio!$C:$C, 0)), 0) -> 0 | D95: =IFERROR(INDEX(Fantacalcio!F:F, MATCH($A95, Fantacalcio!$C:$C, 0)), 0) -> 0 | E95: =IFERROR(INDEX(Fantacalcio!G:G, MATCH($A95, Fantacalcio!$C:$C, 0)), 0) -> 0 | F95: =IFERROR(INDEX(Fantacalcio!H:H, MATCH($A95, Fantacalcio!$C:$C, 0)), 0) -> 0 | G95: =IFERROR(INDEX(Fantacalcio!I:I, MATCH($A95, Fantacalcio!$C:$C, 0)), 0) -> 0 | H95: =IFERROR(INDEX(Fantacalcio!J:J, MATCH($A95, Fantacalcio!$C:$C, 0)), 0) -> 0 | I95: =IFERROR(INDEX(Fantacalcio!K:K, MATCH($A95, Fantacalcio!$C:$C, 0)), 0) -> 0 | J95: =IFERROR(INDEX(Fantacalcio!L:L, MATCH($A95, Fantacalcio!$C:$C, 0)), 0) -> 0 | K95: =IFERROR(INDEX(Fantacalcio!M:M, MATCH($A95, Fantacalcio!$C:$C, 0)), 0) -> 0 | L95: =B95+(C95*3)-D95+(E95*3)-(F95*3)+(G95*3)-(H95*2)-(IF(I95=1, 0.5, 0))-J95+K95 -> 5.5
A96: Obert | B96: =IFERROR(INDEX(Fantacalcio!D:D, MATCH($A96, Fantacalcio!$C:$C, 0)), 0) -> 5.5 | C96: =IFERROR(INDEX(Fantacalcio!E:E, MATCH($A96, Fantacalcio!$C:$C, 0)), 0) -> 0 | D96: =IFERROR(INDEX(Fantacalcio!F:F, MATCH($A96, Fantacalcio!$C:$C, 0)), 0) -> 0 | E96: =IFERROR(INDEX(Fantacalcio!G:G, MATCH($A96, Fantacalcio!$C:$C, 0)), 0) -> 0 | F96: =IFERROR(INDEX(Fantacalcio!H:H, MATCH($A96, Fantacalcio!$C:$C, 0)), 0) -> 0 | G96: =IFERROR(INDEX(Fantacalcio!I:I, MATCH($A96, Fantacalcio!$C:$C, 0)), 0) -> 0 | H96: =IFERROR(INDEX(Fantacalcio!J:J, MATCH($A96, Fantacalcio!$C:$C, 0)), 0) -> 0 | I96: =IFERROR(INDEX(Fantacalcio!K:K, MATCH($A96, Fantacalcio!$C:$C, 0)), 0) -> 0 | J96: =IFERROR(INDEX(Fantacalcio!L:L, MATCH($A96, Fantacalcio!$C:$C, 0)), 0) -> 0 | K96: =IFERROR(INDEX(Fantacalcio!M:M, MATCH($A96, Fantacalcio!$C:$C, 0)), 0) -> 0 | L96: =B96+(C96*3)-D96+(E96*3)-(F96*3)+(G96*3)-(H96*2)-(IF(I96=1, 0.5, 0))-J96+K96 -> 5.5
A97: Bracaglia | B97: =IFERROR(INDEX(Fantacalcio!D:D, MATCH($A97, Fantacalcio!$C:$C, 0)), 0) -> 6 | C97: =IFERROR(INDEX(Fantacalcio!E:E, MATCH($A97, Fantacalcio!$C:$C, 0)), 0) -> 0 | D97: =IFERROR(INDEX(Fantacalcio!F:F, MATCH($A97, Fantacalcio!$C:$C, 0)), 0) -> 0 | E97: =IFERROR(INDEX(Fantacalcio!G:G, MATCH($A97, Fantacalcio!$C:$C, 0)), 0) -> 0 | F97: =IFERROR(INDEX(Fantacalcio!H:H, MATCH($A97, Fantacalcio!$C:$C, 0)), 0) -> 0 | G97: =IFERROR(INDEX(Fantacalcio!I:I, MATCH($A97, Fantacalcio!$C:$C, 0)), 0) -> 0 | H97: =IFERROR(INDEX(Fantacalcio!J:J, MATCH($A97, Fantacalcio!$C:$C, 0)), 0) -> 0 | I97: =IFERROR(INDEX(Fantacalcio!K:K, MATCH($A97, Fantacalcio!$C:$C, 0)), 0) -> 0 | J97: =IFERROR(INDEX(Fantacalcio!L:L, MATCH($A97, Fantacalcio!$C:$C, 0)), 0) -> 0 | K97: =IFERROR(INDEX(Fantacalcio!M:M, MATCH($A97, Fantacalcio!$C:$C, 0)), 0) -> 0 | L97: =B97+(C97*3)-D97+(E97*3)-(F97*3)+(G97*3)-(H97*2)-(IF(I97=1, 0.5, 0))-J97+K97 -> 6
A98: Celik | B98: =IFERROR(INDEX(Fantacalcio!D:D, MATCH($A98, Fantacalcio!$C:$C, 0)), 0) -> 6 | C98: =IFERROR(INDEX(Fantacalcio!E:E, MATCH($A98, Fantacalcio!$C:$C, 0)), 0) -> 0 | D98: =IFERROR(INDEX(Fantacalcio!F:F, MATCH($A98, Fantacalcio!$C:$C, 0)), 0) -> 0 | E98: =IFERROR(INDEX(Fantacalcio!G:G, MATCH($A98, Fantacalcio!$C:$C, 0)), 0) -> 0 | F98: =IFERROR(INDEX(Fantacalcio!H:H, MATCH($A98, Fantacalcio!$C:$C, 0)), 0) -> 0 | G98: =IFERROR(INDEX(Fantacalcio!I:I, MATCH($A98, Fantacalcio!$C:$C, 0)), 0) -> 0 | H98: =IFERROR(INDEX(Fantacalcio!J:J, MATCH($A98, Fantacalcio!$C:$C, 0)), 0) -> 0 | I98: =IFERROR(INDEX(Fantacalcio!K:K, MATCH($A98, Fantacalcio!$C:$C, 0)), 0) -> 0 | J98: =IFERROR(INDEX(Fantacalcio!L:L, MATCH($A98, Fantacalcio!$C:$C, 0)), 0) -> 0 | K98: =IFERROR(INDEX(Fantacalcio!M:M, MATCH($A98, Fantacalcio!$C:$C, 0)), 0) -> 0 | L98: =B98+(C98*3)-D98+(E98*3)-(F98*3)+(G98*3)-(H98*2)-(IF(I98=1, 0.5, 0))-J98+K98 -> 6
A99: Cambiaso | B99: =IFERROR(INDEX(Fantacalcio!D:D, MATCH($A99, Fantacalcio!$C:$C, 0)), 0) -> 5.5 | C99: =IFERROR(INDEX(Fantacalcio!E:E, MATCH($A99, Fantacalcio!$C:$C, 0)), 0) -> 0 | D99: =IFERROR(INDEX(Fantacalcio!F:F, MATCH($A99, Fantacalcio!$C:$C, 0)), 0) -> 0 | E99: =IFERROR(INDEX(Fantacalcio!G:G, MATCH($A99, Fantacalcio!$C:$C, 0)), 0) -> 0 | F99: =IFERROR(INDEX(Fantacalcio!H:H, MATCH($A99, Fantacalcio!$C:$C, 0)), 0) -> 0 | G99: =IFERROR(INDEX(Fantacalcio!I:I, MATCH($A99, Fantacalcio!$C:$C, 0)), 0) -> 0 | H99: =IFERROR(INDEX(Fantacalcio!J:J, MATCH($A99, Fantacalcio!$C:$C, 0)), 0) -> 0 | I99: =IFERROR(INDEX(Fantacalcio!K:K, MATCH($A99, Fantacalcio!$C:$C, 0)), 0) -> 0 | J99: =IFERROR(INDEX(Fantacalcio!L:L, MATCH($A99, Fantacalcio!$C:$C, 0)), 0) -> 0 | K99: =IFERROR(INDEX(Fantacalcio!M:M, MATCH($A99, Fantacalcio!$C:$C, 0)), 0) -> 0 | L99: =B99+(C99*3)-D99+(E99*3)-(F99*3)+(G99*3)-(H99*2)-(IF(I99=1, 0.5, 0))-J99+K99 -> 5.5
A100: Doekhi | B100: =IFERROR(INDEX(Fantacalcio!D:D, MATCH($A100, Fantacalcio!$C:$C, 0)), 0) -> 6 | C100: =IFERROR(INDEX(Fantacalcio!E:E, MATCH($A100, Fantacalcio!$C:$C, 0)), 0) -> 0 | D100: =IFERROR(INDEX(Fantacalcio!F:F, MATCH($A100, Fantacalcio!$C:$C, 0)), 0) -> 0 | E100: =IFERROR(INDEX(Fantacalcio!G:G, MATCH($A100, Fantacalcio!$C:$C, 0)), 0) -> 0 | F100: =IFERROR(INDEX(Fantacalcio!H:H, MATCH($A100, Fantacalcio!$C:$C, 0)), 0) -> 0 | G100: =IFERROR(INDEX(Fantacalcio!I:I, MATCH($A100, Fantacalcio!$C:$C, 0)), 0) -> 0 | H100: =IFERROR(INDEX(Fantacalcio!J:J, MATCH($A100, Fantacalcio!$C:$C, 0)), 0) -> 0 | I100: =IFERROR(INDEX(Fantacalcio!K:K, MATCH($A100, Fantacalcio!$C:$C, 0)), 0) -> 1 | J100: =IFERROR(INDEX(Fantacalcio!L:L, MATCH($A100, Fantacalcio!$C:$C, 0)), 0) -> 0 | K100: =IFERROR(INDEX(Fantacalcio!M:M, MATCH($A100, Fantacalcio!$C:$C, 0)), 0) -> 0 | L100: =B100+(C100*3)-D100+(E100*3)-(F100*3)+(G100*3)-(H100*2)-(IF(I100=1, 0.5, 0))-J100+K100 -> 5.5
A101: Tiago Gabriel | B101: =IFERROR(INDEX(Fantacalcio!D:D, MATCH($A101, Fantacalcio!$C:$C, 0)), 0) -> 5.5 | C101: =IFERROR(INDEX(Fantacalcio!E:E, MATCH($A101, Fantacalcio!$C:$C, 0)), 0) -> 0 | D101: =IFERROR(INDEX(Fantacalcio!F:F, MATCH($A101, Fantacalcio!$C:$C, 0)), 0) -> 0 | E101: =IFERROR(INDEX(Fantacalcio!G:G, MATCH($A101, Fantacalcio!$C:$C, 0)), 0) -> 0 | F101: =IFERROR(INDEX(Fantacalcio!H:H, MATCH($A101, Fantacalcio!$C:$C, 0)), 0) -> 0 | G101: =IFERROR(INDEX(Fantacalcio!I:I, MATCH($A101, Fantacalcio!$C:$C, 0)), 0) -> 0 | H101: =IFERROR(INDEX(Fantacalcio!J:J, MATCH($A101, Fantacalcio!$C:$C, 0)), 0) -> 0 | I101: =IFERROR(INDEX(Fantacalcio!K:K, MATCH($A101, Fantacalcio!$C:$C, 0)), 0) -> 0 | J101: =IFERROR(INDEX(Fantacalcio!L:L, MATCH($A101, Fantacalcio!$C:$C, 0)), 0) -> 0 | K101: =IFERROR(INDEX(Fantacalcio!M:M, MATCH($A101, Fantacalcio!$C:$C, 0)), 0) -> 0 | L101: =B101+(C101*3)-D101+(E101*3)-(F101*3)+(G101*3)-(H101*2)-(IF(I101=1, 0.5, 0))-J101+K101 -> 5.5
... A151: Rodriguez Ju. | B151: =IFERROR(INDEX(Fantacalcio!D:D, MATCH($A151, Fantacalcio!$C:$C, 0)), 0) -> 6 | C151: =IFERROR(INDEX(Fantacalcio!E:E, MATCH($A151, Fantacalcio!$C:$C, 0)), 0) -> 0 | D151: =IFERROR(INDEX(Fantacalcio!F:F, MATCH($A151, Fantacalcio!$C:$C, 0)), 0) -> 0 | E151: =IFERROR(INDEX(Fantacalcio!G:G, MATCH($A151, Fantacalcio!$C:$C, 0)), 0) -> 0 | F151: =IFERROR(INDEX(Fantacalcio!H:H, MATCH($A151, Fantacalcio!$C:$C, 0)), 0) -> 0 | G151: =IFERROR(INDEX(Fantacalcio!I:I, MATCH($A151, Fantacalcio!$C:$C, 0)), 0) -> 0 | H151: =IFERROR(INDEX(Fantacalcio!J:J, MATCH($A151, Fantacalcio!$C:$C, 0)), 0) -> 0 | I151: =IFERROR(INDEX(Fantacalcio!K:K, MATCH($A151, Fantacalcio!$C:$C, 0)), 0) -> 1 | J151: =IFERROR(INDEX(Fantacalcio!L:L, MATCH($A151, Fantacalcio!$C:$C, 0)), 0) -> 0 | K151: =IFERROR(INDEX(Fantacalcio!M:M, MATCH($A151, Fantacalcio!$C:$C, 0)), 0) -> 0 | L151: =B151+(C151*3)-D151+(E151*3)-(F151*3)+(G151*3)-(H151*2)-(IF(I151=1, 0.5, 0))-J151+K151 -> 5.5
A152: Kempf | B152: 6 | C152: =IFERROR(INDEX(Fantacalcio!E:E, MATCH($A152, Fantacalcio!$C:$C, 0)), 0) -> 0 | D152: =IFERROR(INDEX(Fantacalcio!F:F, MATCH($A152, Fantacalcio!$C:$C, 0)), 0) -> 0 | E152: =IFERROR(INDEX(Fantacalcio!G:G, MATCH($A152, Fantacalcio!$C:$C, 0)), 0) -> 0 | F152: =IFERROR(INDEX(Fantacalcio!H:H, MATCH($A152, Fantacalcio!$C:$C, 0)), 0) -> 0 | G152: =IFERROR(INDEX(Fantacalcio!I:I, MATCH($A152, Fantacalcio!$C:$C, 0)), 0) -> 0 | H152: =IFERROR(INDEX(Fantacalcio!J:J, MATCH($A152, Fantacalcio!$C:$C, 0)), 0) -> 0 | I152: =IFERROR(INDEX(Fantacalcio!K:K, MATCH($A152, Fantacalcio!$C:$C, 0)), 0) -> 0 | J152: =IFERROR(INDEX(Fantacalcio!L:L, MATCH($A152, Fantacalcio!$C:$C, 0)), 0) -> 0 | K152: =IFERROR(INDEX(Fantacalcio!M:M, MATCH($A152, Fantacalcio!$C:$C, 0)), 0) -> 0 | L152: =B152+(C152*3)-D152+(E152*3)-(F152*3)+(G152*3)-(H152*2)-(IF(I152=1, 0.5, 0))-J152+K152 -> 6
A153: Valdepenas | B153: =IFERROR(INDEX(Fantacalcio!D:D, MATCH($A153, Fantacalcio!$C:$C, 0)), 0) -> 5.5 | C153: =IFERROR(INDEX(Fantacalcio!E:E, MATCH($A153, Fantacalcio!$C:$C, 0)), 0) -> 0 | D153: =IFERROR(INDEX(Fantacalcio!F:F, MATCH($A153, Fantacalcio!$C:$C, 0)), 0) -> 0 | E153: =IFERROR(INDEX(Fantacalcio!G:G, MATCH($A153, Fantacalcio!$C:$C, 0)), 0) -> 0 | F153: =IFERROR(INDEX(Fantacalcio!H:H, MATCH($A153, Fantacalcio!$C:$C, 0)), 0) -> 0 | G153: =IFERROR(INDEX(Fantacalcio!I:I, MATCH($A153, Fantacalcio!$C:$C, 0)), 0) -> 0 | H153: =IFERROR(INDEX(Fantacalcio!J:J, MATCH($A153, Fantacalcio!$C:$C, 0)), 0) -> 0 | I153: =IFERROR(INDEX(Fantacalcio!K:K, MATCH($A153, Fantacalcio!$C:$C, 0)), 0) -> 0 | J153: =IFERROR(INDEX(Fantacalcio!L:L, MATCH($A153, Fantacalcio!$C:$C, 0)), 0) -> 0 | K153: =IFERROR(INDEX(Fantacalcio!M:M, MATCH($A153, Fantacalcio!$C:$C, 0)), 0) -> 0 | L153: =B153+(C153*3)-D153+(E153*3)-(F153*3)+(G153*3)-(H153*2)-(IF(I153=1, 0.5, 0))-J153+K153 -> 5.5
A154: Viery | B154: =IFERROR(INDEX(Fantacalcio!D:D, MATCH($A154, Fantacalcio!$C:$C, 0)), 0) -> 5.5 | C154: =IFERROR(INDEX(Fantacalcio!E:E, MATCH($A154, Fantacalcio!$C:$C, 0)), 0) -> 0 | D154: =IFERROR(INDEX(Fantacalcio!F:F, MATCH($A154, Fantacalcio!$C:$C, 0)), 0) -> 0 | E154: =IFERROR(INDEX(Fantacalcio!G:G, MATCH($A154, Fantacalcio!$C:$C, 0)), 0) -> 0 | F154: =IFERROR(INDEX(Fantacalcio!H:H, MATCH($A154, Fantacalcio!$C:$C, 0)), 0) -> 0 | G154: =IFERROR(INDEX(Fantacalcio!I:I, MATCH($A154, Fantacalcio!$C:$C, 0)), 0) -> 0 | H154: =IFERROR(INDEX(Fantacalcio!J:J, MATCH($A154, Fantacalcio!$C:$C, 0)), 0) -> 0 | I154: =IFERROR(INDEX(Fantacalcio!K:K, MATCH($A154, Fantacalcio!$C:$C, 0)), 0) -> 1 | J154: =IFERROR(INDEX(Fantacalcio!L:L, MATCH($A154, Fantacalcio!$C:$C, 0)), 0) -> 0 | K154: =IFERROR(INDEX(Fantacalcio!M:M, MATCH($A154, Fantacalcio!$C:$C, 0)), 0) -> 0 | L154: =B154+(C154*3)-D154+(E154*3)-(F154*3)+(G154*3)-(H154*2)-(IF(I154=1, 0.5, 0))-J154+K154 -> 5
A155: Gatti | B155: =IFERROR(INDEX(Fantacalcio!D:D, MATCH($A155, Fantacalcio!$C:$C, 0)), 0) -> 0 | C155: =IFERROR(INDEX(Fantacalcio!E:E, MATCH($A155, Fantacalcio!$C:$C, 0)), 0) -> 0 | D155: =IFERROR(INDEX(Fantacalcio!F:F, MATCH($A155, Fantacalcio!$C:$C, 0)), 0) -> 0 | E155: =IFERROR(INDEX(Fantacalcio!G:G, MATCH($A155, Fantacalcio!$C:$C, 0)), 0) -> 0 | F155: =IFERROR(INDEX(Fantacalcio!H:H, MATCH($A155, Fantacalcio!$C:$C, 0)), 0) -> 0 | G155: =IFERROR(INDEX(Fantacalcio!I:I, MATCH($A155, Fantacalcio!$C:$C, 0)), 0) -> 0 | H155: =IFERROR(INDEX(Fantacalcio!J:J, MATCH($A155, Fantacalcio!$C:$C, 0)), 0) -> 0 | I155: =IFERROR(INDEX(Fantacalcio!K:K, MATCH($A155, Fantacalcio!$C:$C, 0)), 0) -> 0 | J155: =IFERROR(INDEX(Fantacalcio!L:L, MATCH($A155, Fantacalcio!$C:$C, 0)), 0) -> 0 | K155: =IFERROR(INDEX(Fantacalcio!M:M, MATCH($A155, Fantacalcio!$C:$C, 0)), 0) -> 0 | L155: =B155+(C155*3)-D155+(E155*3)-(F155*3)+(G155*3)-(H155*2)-(IF(I155=1, 0.5, 0))-J155+K155 -> 0
A156: Kelly L. | B156: =IFERROR(INDEX(Fantacalcio!D:D, MATCH($A156, Fantacalcio!$C:$C, 0)), 0) -> 0 | C156: =IFERROR(INDEX(Fantacalcio!E:E, MATCH($A156, Fantacalcio!$C:$C, 0)), 0) -> 0 | D156: =IFERROR(INDEX(Fantacalcio!F:F, MATCH($A156, Fantacalcio!$C:$C, 0)), 0) -> 0 | E156: =IFERROR(INDEX(Fantacalcio!G:G, MATCH($A156, Fantacalcio!$C:$C, 0)), 0) -> 0 | F156: =IFERROR(INDEX(Fantacalcio!H:H, MATCH($A156, Fantacalcio!$C:$C, 0)), 0) -> 0 | G156: =IFERROR(INDEX(Fantacalcio!I:I, MATCH($A156, Fantacalcio!$C:$C, 0)), 0) -> 0 | H156: =IFERROR(INDEX(Fantacalcio!J:J, MATCH($A156, Fantacalcio!$C:$C, 0)), 0) -> 0 | I156: =IFERROR(INDEX(Fantacalcio!K:K, MATCH($A156, Fantacalcio!$C:$C, 0)), 0) -> 0 | J156: =IFERROR(INDEX(Fantacalcio!L:L, MATCH($A156, Fantacalcio!$C:$C, 0)), 0) -> 0 | K156: =IFERROR(INDEX(Fantacalcio!M:M, MATCH($A156, Fantacalcio!$C:$C, 0)), 0) -> 0 | L156: =B156+(C156*3)-D156+(E156*3)-(F156*3)+(G156*3)-(H156*2)-(IF(I156=1, 0.5, 0))-J156+K156 -> 0
A157: Gaspar K. | B157: =IFERROR(INDEX(Fantacalcio!D:D, MATCH($A157, Fantacalcio!$C:$C, 0)), 0) -> 0 | C157: =IFERROR(INDEX(Fantacalcio!E:E, MATCH($A157, Fantacalcio!$C:$C, 0)), 0) -> 0 | D157: =IFERROR(INDEX(Fantacalcio!F:F, MATCH($A157, Fantacalcio!$C:$C, 0)), 0) -> 0 | E157: =IFERROR(INDEX(Fantacalcio!G:G, MATCH($A157, Fantacalcio!$C:$C, 0)), 0) -> 0 | F157: =IFERROR(INDEX(Fantacalcio!H:H, MATCH($A157, Fantacalcio!$C:$C, 0)), 0) -> 0 | G157: =IFERROR(INDEX(Fantacalcio!I:I, MATCH($A157, Fantacalcio!$C:$C, 0)), 0) -> 0 | H157: =IFERROR(INDEX(Fantacalcio!J:J, MATCH($A157, Fantacalcio!$C:$C, 0)), 0) -> 0 | I157: =IFERROR(INDEX(Fantacalcio!K:K, MATCH($A157, Fantacalcio!$C:$C, 0)), 0) -> 0 | J157: =IFERROR(INDEX(Fantacalcio!L:L, MATCH($A157, Fantacalcio!$C:$C, 0)), 0) -> 0 | K157: =IFERROR(INDEX(Fantacalcio!M:M, MATCH($A157, Fantacalcio!$C:$C, 0)), 0) -> 0 | L157: =B157+(C157*3)-D157+(E157*3)-(F157*3)+(G157*3)-(H157*2)-(IF(I157=1, 0.5, 0))-J157+K157 -> 0
A158: Veiga D. | B158: =IFERROR(INDEX(Fantacalcio!D:D, MATCH($A158, Fantacalcio!$C:$C, 0)), 0) -> 6 | C158: =IFERROR(INDEX(Fantacalcio!E:E, MATCH($A158, Fantacalcio!$C:$C, 0)), 0) -> 0 | D158: =IFERROR(INDEX(Fantacalcio!F:F, MATCH($A158, Fantacalcio!$C:$C, 0)), 0) -> 0 | E158: =IFERROR(INDEX(Fantacalcio!G:G, MATCH($A158, Fantacalcio!$C:$C, 0)), 0) -> 0 | F158: =IFERROR(INDEX(Fantacalcio!H:H, MATCH($A158, Fantacalcio!$C:$C, 0)), 0) -> 0 | G158: =IFERROR(INDEX(Fantacalcio!I:I, MATCH($A158, Fantacalcio!$C:$C, 0)), 0) -> 0 | H158: =IFERROR(INDEX(Fantacalcio!J:J, MATCH($A158, Fantacalcio!$C:$C, 0)), 0) -> 0 | I158: =IFERROR(INDEX(Fantacalcio!K:K, MATCH($A158, Fantacalcio!$C:$C, 0)), 0) -> 0 | J158: =IFERROR(INDEX(Fantacalcio!L:L, MATCH($A158, Fantacalcio!$C:$C, 0)), 0) -> 0 | K158: =IFERROR(INDEX(Fantacalcio!M:M, MATCH($A158, Fantacalcio!$C:$C, 0)), 0) -> 1 | L158: =B158+(C158*3)-D158+(E158*3)-(F158*3)+(G158*3)-(H158*2)-(IF(I158=1, 0.5, 0))-J158+K158 -> 7
A159: Gallo | B159: =IFERROR(INDEX(Fantacalcio!D:D, MATCH($A159, Fantacalcio!$C:$C, 0)), 0) -> 5.5 | C159: =IFERROR(INDEX(Fantacalcio!E:E, MATCH($A159, Fantacalcio!$C:$C, 0)), 0) -> 0 | D159: =IFERROR(INDEX(Fantacalcio!F:F, MATCH($A159, Fantacalcio!$C:$C, 0)), 0) -> 0 | E159: =IFERROR(INDEX(Fantacalcio!G:G, MATCH($A159, Fantacalcio!$C:$C, 0)), 0) -> 0 | F159: =IFERROR(INDEX(Fantacalcio!H:H, MATCH($A159, Fantacalcio!$C:$C, 0)), 0) -> 0 | G159: =IFERROR(INDEX(Fantacalcio!I:I, MATCH($A159, Fantacalcio!$C:$C, 0)), 0) -> 0 | H159: =IFERROR(INDEX(Fantacalcio!J:J, MATCH($A159, Fantacalcio!$C:$C, 0)), 0) -> 0 | I159: =IFERROR(INDEX(Fantacalcio!K:K, MATCH($A159, Fantacalcio!$C:$C, 0)), 0) -> 0 | J159: =IFERROR(INDEX(Fantacalcio!L:L, MATCH($A159, Fantacalcio!$C:$C, 0)), 0) -> 0 | K159: =IFERROR(INDEX(Fantacalcio!M:M, MATCH($A159, Fantacalcio!$C:$C, 0)), 0) -> 0 | L159: =B159+(C159*3)-D159+(E159*3)-(F159*3)+(G159*3)-(H159*2)-(IF(I159=1, 0.5, 0))-J159+K159 -> 5.5
A160: De Winter | B160: =IFERROR(INDEX(Fantacalcio!D:D, MATCH($A160, Fantacalcio!$C:$C, 0)), 0) -> 6 | C160: =IFERROR(INDEX(Fantacalcio!E:E, MATCH($A160, Fantacalcio!$C:$C, 0)), 0) -> 0 | D160: =IFERROR(INDEX(Fantacalcio!F:F, MATCH($A160, Fantacalcio!$C:$C, 0)), 0) -> 0 | E160: =IFERROR(INDEX(Fantacalcio!G:G, MATCH($A160, Fantacalcio!$C:$C, 0)), 0) -> 0 | F160: =IFERROR(INDEX(Fantacalcio!H:H, MATCH($A160, Fantacalcio!$C:$C, 0)), 0) -> 0 | G160: =IFERROR(INDEX(Fantacalcio!I:I, MATCH($A160, Fantacalcio!$C:$C, 0)), 0) -> 0 | H160: =IFERROR(INDEX(Fantacalcio!J:J, MATCH($A160, Fantacalcio!$C:$C, 0)), 0) -> 0 | I160: =IFERROR(INDEX(Fantacalcio!K:K, MATCH($A160, Fantacalcio!$C:$C, 0)), 0) -> 1 | J160: =IFERROR(INDEX(Fantacalcio!L:L, MATCH($A160, Fantacalcio!$C:$C, 0)), 0) -> 0 | K160: =IFERROR(INDEX(Fantacalcio!M:M, MATCH($A160, Fantacalcio!$C:$C, 0)), 0) -> 0 | L160: =B160+(C160*3)-D160+(E160*3)-(F160*3)+(G160*3)-(H160*2)-(IF(I160=1, 0.5, 0))-J160+K160 -> 5.5
A161: Birindelli | B161: =IFERROR(INDEX(Fantacalcio!D:D, MATCH($A161, Fantacalcio!$C:$C, 0)), 0) -> 5 | C161: =IFERROR(INDEX(Fantacalcio!E:E, MATCH($A161, Fantacalcio!$C:$C, 0)), 0) -> 0 | D161: =IFERROR(INDEX(Fantacalcio!F:F, MATCH($A161, Fantacalcio!$C:$C, 0)), 0) -> 0 | E161: =IFERROR(INDEX(Fantacalcio!G:G, MATCH($A161, Fantacalcio!$C:$C, 0)), 0) -> 0 | F161: =IFERROR(INDEX(Fantacalcio!H:H, MATCH($A161, Fantacalcio!$C:$C, 0)), 0) -> 0 | G161: =IFERROR(INDEX(Fantacalcio!I:I, MATCH($A161, Fantacalcio!$C:$C, 0)), 0) -> 0 | H161: =IFERROR(INDEX(Fantacalcio!J:J, MATCH($A161, Fantacalcio!$C:$C, 0)), 0) -> 0 | I161: =IFERROR(INDEX(Fantacalcio!K:K, MATCH($A161, Fantacalcio!$C:$C, 0)), 0) -> 0 | J161: =IFERROR(INDEX(Fantacalcio!L:L, MATCH($A161, Fantacalcio!$C:$C, 0)), 0) -> 0 | K161: =IFERROR(INDEX(Fantacalcio!M:M, MATCH($A161, Fantacalcio!$C:$C, 0)), 0) -> 0 | L161: =B161+(C161*3)-D161+(E161*3)-(F161*3)+(G161*3)-(H161*2)-(IF(I161=1, 0.5, 0))-J161+K161 -> 5
A162: Beukema | B162: =IFERROR(INDEX(Fantacalcio!D:D, MATCH($A162, Fantacalcio!$C:$C, 0)), 0) -> 0 | C162: =IFERROR(INDEX(Fantacalcio!E:E, MATCH($A162, Fantacalcio!$C:$C, 0)), 0) -> 0 | D162: =IFERROR(INDEX(Fantacalcio!F:F, MATCH($A162, Fantacalcio!$C:$C, 0)), 0) -> 0 | E162: =IFERROR(INDEX(Fantacalcio!G:G, MATCH($A162, Fantacalcio!$C:$C, 0)), 0) -> 0 | F162: =IFERROR(INDEX(Fantacalcio!H:H, MATCH($A162, Fantacalcio!$C:$C, 0)), 0) -> 0 | G162: =IFERROR(INDEX(Fantacalcio!I:I, MATCH($A162, Fantacalcio!$C:$C, 0)), 0) -> 0 | H162: =IFERROR(INDEX(Fantacalcio!J:J, MATCH($A162, Fantacalcio!$C:$C, 0)), 0) -> 0 | I162: =IFERROR(INDEX(Fantacalcio!K:K, MATCH($A162, Fantacalcio!$C:$C, 0)), 0) -> 0 | J162: =IFERROR(INDEX(Fantacalcio!L:L, MATCH($A162, Fantacalcio!$C:$C, 0)), 0) -> 0 | K162: =IFERROR(INDEX(Fantacalcio!M:M, MATCH($A162, Fantacalcio!$C:$C, 0)), 0) -> 0 | L162: =B162+(C162*3)-D162+(E162*3)-(F162*3)+(G162*3)-(H162*2)-(IF(I162=1, 0.5, 0))-J162+K162 -> 0
A163: Ghilardi | B163: =IFERROR(INDEX(Fantacalcio!D:D, MATCH($A163, Fantacalcio!$C:$C, 0)), 0) -> 0 | C163: =IFERROR(INDEX(Fantacalcio!E:E, MATCH($A163, Fantacalcio!$C:$C, 0)), 0) -> 0 | D163: =IFERROR(INDEX(Fantacalcio!F:F, MATCH($A163, Fantacalcio!$C:$C, 0)), 0) -> 0 | E163: =IFERROR(INDEX(Fantacalcio!G:G, MATCH($A163, Fantacalcio!$C:$C, 0)), 0) -> 0 | F163: =IFERROR(INDEX(Fantacalcio!H:H, MATCH($A163, Fantacalcio!$C:$C, 0)), 0) -> 0 | G163: =IFERROR(INDEX(Fantacalcio!I:I, MATCH($A163, Fantacalcio!$C:$C, 0)), 0) -> 0 | H163: =IFERROR(INDEX(Fantacalcio!J:J, MATCH($A163, Fantacalcio!$C:$C, 0)), 0) -> 0 | I163: =IFERROR(INDEX(Fantacalcio!K:K, MATCH($A163, Fantacalcio!$C:$C, 0)), 0) -> 0 | J163: =IFERROR(INDEX(Fantacalcio!L:L, MATCH($A163, Fantacalcio!$C:$C, 0)), 0) -> 0 | K163: =IFERROR(INDEX(Fantacalcio!M:M, MATCH($A163, Fantacalcio!$C:$C, 0)), 0) -> 0 | L163: =B163+(C163*3)-D163+(E163*3)-(F163*3)+(G163*3)-(H163*2)-(IF(I163=1, 0.5, 0))-J163+K163 -> 0
A164: Comert | B164: =IFERROR(INDEX(Fantacalcio!D:D, MATCH($A164, Fantacalcio!$C:$C, 0)), 0) -> 0 | C164: =IFERROR(INDEX(Fantacalcio!E:E, MATCH($A164, Fantacalcio!$C:$C, 0)), 0) -> 0 | D164: =IFERROR(INDEX(Fantacalcio!F:F, MATCH($A164, Fantacalcio!$C:$C, 0)), 0) -> 0 | E164: =IFERROR(INDEX(Fantacalcio!G:G, MATCH($A164, Fantacalcio!$C:$C, 0)), 0) -> 0 | F164: =IFERROR(INDEX(Fantacalcio!H:H, MATCH($A164, Fantacalcio!$C:$C, 0)), 0) -> 0 | G164: =IFERROR(INDEX(Fantacalcio!I:I, MATCH($A164, Fantacalcio!$C:$C, 0)), 0) -> 0 | H164: =IFERROR(INDEX(Fantacalcio!J:J, MATCH($A164, Fantacalcio!$C:$C, 0)), 0) -> 0 | I164: =IFERROR(INDEX(Fantacalcio!K:K, MATCH($A164, Fantacalcio!$C:$C, 0)), 0) -> 0 | J164: =IFERROR(INDEX(Fantacalcio!L:L, MATCH($A164, Fantacalcio!$C:$C, 0)), 0) -> 0 | K164: =IFERROR(INDEX(Fantacalcio!M:M, MATCH($A164, Fantacalcio!$C:$C, 0)), 0) -> 0 | L164: =B164+(C164*3)-D164+(E164*3)-(F164*3)+(G164*3)-(H164*2)-(IF(I164=1, 0.5, 0))-J164+K164 -> 0
A165: Bella-Kotchap | B165: =IFERROR(INDEX(Fantacalcio!D:D, MATCH($A165, Fantacalcio!$C:$C, 0)), 0) -> 0 | C165: =IFERROR(INDEX(Fantacalcio!E:E, MATCH($A165, Fantacalcio!$C:$C, 0)), 0) -> 0 | D165: =IFERROR(INDEX(Fantacalcio!F:F, MATCH($A165, Fantacalcio!$C:$C, 0)), 0) -> 0 | E165: =IFERROR(INDEX(Fantacalcio!G:G, MATCH($A165, Fantacalcio!$C:$C, 0)), 0) -> 0 | F165: =IFERROR(INDEX(Fantacalcio!H:H, MATCH($A165, Fantacalcio!$C:$C, 0)), 0) -> 0 | G165: =IFERROR(INDEX(Fantacalcio!I:I, MATCH($A165, Fantacalcio!$C:$C, 0)), 0) -> 0 | H165: =IFERROR(INDEX(Fantacalcio!J:J, MATCH($A165, Fantacalcio!$C:$C, 0)), 0) -> 0 | I165: =IFERROR(INDEX(Fantacalcio!K:K, MATCH($A165, Fantacalcio!$C:$C, 0)), 0) -> 0 | J165: =IFERROR(INDEX(Fantacalcio!L:L, MATCH($A165, Fantacalcio!$C:$C, 0)), 0) -> 0 | K165: =IFERROR(INDEX(Fantacalcio!M:M, MATCH($A165, Fantacalcio!$C:$C, 0)), 0) -> 0 | L165: =B165+(C165*3)-D165+(E165*3)-(F165*3)+(G165*3)-(H165*2)-(IF(I165=1, 0.5, 0))-J165+K165 -> 0
A166: Correia T. | B166: 6 | C166: =IFERROR(INDEX(Fantacalcio!E:E, MATCH($A166, Fantacalcio!$C:$C, 0)), 0) -> 0 | D166: =IFERROR(INDEX(Fantacalcio!F:F, MATCH($A166, Fantacalcio!$C:$C, 0)), 0) -> 0 | E166: =IFERROR(INDEX(Fantacalcio!G:G, MATCH($A166, Fantacalcio!$C:$C, 0)), 0) -> 0 | F166: =IFERROR(INDEX(Fantacalcio!H:H, MATCH($A166, Fantacalcio!$C:$C, 0)), 0) -> 0 | G166: =IFERROR(INDEX(Fantacalcio!I:I, MATCH($A166, Fantacalcio!$C:$C, 0)), 0) -> 0 | H166: =IFERROR(INDEX(Fantacalcio!J:J, MATCH($A166, Fantacalcio!$C:$C, 0)), 0) -> 0 | I166: =IFERROR(INDEX(Fantacalcio!K:K, MATCH($A166, Fantacalcio!$C:$C, 0)), 0) -> 0 | J166: =IFERROR(INDEX(Fantacalcio!L:L, MATCH($A166, Fantacalcio!$C:$C, 0)), 0) -> 0 | K166: =IFERROR(INDEX(Fantacalcio!M:M, MATCH($A166, Fantacalcio!$C:$C, 0)), 0) -> 0 | L166: =B166+(C166*3)-D166+(E166*3)-(F166*3)+(G166*3)-(H166*2)-(IF(I166=1, 0.5, 0))-J166+K166 -> 6
A167: Hainaut | B167: =IFERROR(INDEX(Fantacalcio!D:D, MATCH($A167, Fantacalcio!$C:$C, 0)), 0) -> 6.5 | C167: =IFERROR(INDEX(Fantacalcio!E:E, MATCH($A167, Fantacalcio!$C:$C, 0)), 0) -> 1 | D167: =IFERROR(INDEX(Fantacalcio!F:F, MATCH($A167, Fantacalcio!$C:$C, 0)), 0) -> 0 | E167: =IFERROR(INDEX(Fantacalcio!G:G, MATCH($A167, Fantacalcio!$C:$C, 0)), 0) -> 0 | F167: =IFERROR(INDEX(Fantacalcio!H:H, MATCH($A167, Fantacalcio!$C:$C, 0)), 0) -> 0 | G167: =IFERROR(INDEX(Fantacalcio!I:I, MATCH($A167, Fantacalcio!$C:$C, 0)), 0) -> 0 | H167: =IFERROR(INDEX(Fantacalcio!J:J, MATCH($A167, Fantacalcio!$C:$C, 0)), 0) -> 0 | I167: =IFERROR(INDEX(Fantacalcio!K:K, MATCH($A167, Fantacalcio!$C:$C, 0)), 0) -> 0 | J167: =IFERROR(INDEX(Fantacalcio!L:L, MATCH($A167, Fantacalcio!$C:$C, 0)), 0) -> 0 | K167: =IFERROR(INDEX(Fantacalcio!M:M, MATCH($A167, Fantacalcio!$C:$C, 0)), 0) -> 0 | L167: =B167+(C167*3)-D167+(E167*3)-(F167*3)+(G167*3)-(H167*2)-(IF(I167=1, 0.5, 0))-J167+K167 -> 9.5
A168: Haps | B168: =IFERROR(INDEX(Fantacalcio!D:D, MATCH($A168, Fantacalcio!$C:$C, 0)), 0) -> 0 | C168: =IFERROR(INDEX(Fantacalcio!E:E, MATCH($A168, Fantacalcio!$C:$C, 0)), 0) -> 0 | D168: =IFERROR(INDEX(Fantacalcio!F:F, MATCH($A168, Fantacalcio!$C:$C, 0)), 0) -> 0 | E168: =IFERROR(INDEX(Fantacalcio!G:G, MATCH($A168, Fantacalcio!$C:$C, 0)), 0) -> 0 | F168: =IFERROR(INDEX(Fantacalcio!H:H, MATCH($A168, Fantacalcio!$C:$C, 0)), 0) -> 0 | G168: =IFERROR(INDEX(Fantacalcio!I:I, MATCH($A168, Fantacalcio!$C:$C, 0)), 0) -> 0 | H168: =IFERROR(INDEX(Fantacalcio!J:J, MATCH($A168, Fantacalcio!$C:$C, 0)), 0) -> 0 | I168: =IFERROR(INDEX(Fantacalcio!K:K, MATCH($A168, Fantacalcio!$C:$C, 0)), 0) -> 0 | J168: =IFERROR(INDEX(Fantacalcio!L:L, MATCH($A168, Fantacalcio!$C:$C, 0)), 0) -> 0 | K168: =IFERROR(INDEX(Fantacalcio!M:M, MATCH($A168, Fantacalcio!$C:$C, 0)), 0) -> 0 | L168: =B168+(C168*3)-D168+(E168*3)-(F168*3)+(G168*3)-(H168*2)-(IF(I168=1, 0.5, 0))-J168+K168 -> 0
A169: Patterson | B169: =IFERROR(INDEX(Fantacalcio!D:D, MATCH($A169, Fantacalcio!$C:$C, 0)), 0) -> 0 | C169: =IFERROR(INDEX(Fantacalcio!E:E, MATCH($A169, Fantacalcio!$C:$C, 0)), 0) -> 0 | D169: =IFERROR(INDEX(Fantacalcio!F:F, MATCH($A169, Fantacalcio!$C:$C, 0)), 0) -> 0 | E169: =IFERROR(INDEX(Fantacalcio!G:G, MATCH($A169, Fantacalcio!$C:$C, 0)), 0) -> 0 | F169: =IFERROR(INDEX(Fantacalcio!H:H, MATCH($A169, Fantacalcio!$C:$C, 0)), 0) -> 0 | G169: =IFERROR(INDEX(Fantacalcio!I:I, MATCH($A169, Fantacalcio!$C:$C, 0)), 0) -> 0 | H169: =IFERROR(INDEX(Fantacalcio!J:J, MATCH($A169, Fantacalcio!$C:$C, 0)), 0) -> 0 | I169: =IFERROR(INDEX(Fantacalcio!K:K, MATCH($A169, Fantacalcio!$C:$C, 0)), 0) -> 0 | J169: =IFERROR(INDEX(Fantacalcio!L:L, MATCH($A169, Fantacalcio!$C:$C, 0)), 0) -> 0 | K169: =IFERROR(INDEX(Fantacalcio!M:M, MATCH($A169, Fantacalcio!$C:$C, 0)), 0) -> 0 | L169: =B169+(C169*3)-D169+(E169*3)-(F169*3)+(G169*3)-(H169*2)-(IF(I169=1, 0.5, 0))-J169+K169 -> 0
A170: Rodriguez R. | B170: =IFERROR(INDEX(Fantacalcio!D:D, MATCH($A170, Fantacalcio!$C:$C, 0)), 0) -> 6 | C170: =IFERROR(INDEX(Fantacalcio!E:E, MATCH($A170, Fantacalcio!$C:$C, 0)), 0) -> 0 | D170: =IFERROR(INDEX(Fantacalcio!F:F, MATCH($A170, Fantacalcio!$C:$C, 0)), 0) -> 0 | E170: =IFERROR(INDEX(Fantacalcio!G:G, MATCH($A170, Fantacalcio!$C:$C, 0)), 0) -> 0 | F170: =IFERROR(INDEX(Fantacalcio!H:H, MATCH($A170, Fantacalcio!$C:$C, 0)), 0) -> 0 | G170: =IFERROR(INDEX(Fantacalcio!I:I, MATCH($A170, Fantacalcio!$C:$C, 0)), 0) -> 0 | H170: =IFERROR(INDEX(Fantacalcio!J:J, MATCH($A170, Fantacalcio!$C:$C, 0)), 0) -> 0 | I170: =IFERROR(INDEX(Fantacalcio!K:K, MATCH($A170, Fantacalcio!$C:$C, 0)), 0) -> 0 | J170: =IFERROR(INDEX(Fantacalcio!L:L, MATCH($A170, Fantacalcio!$C:$C, 0)), 0) -> 0 | K170: =IFERROR(INDEX(Fantacalcio!M:M, MATCH($A170, Fantacalcio!$C:$C, 0)), 0) -> 0 | L170: =B170+(C170*3)-D170+(E170*3)-(F170*3)+(G170*3)-(H170*2)-(IF(I170=1, 0.5, 0))-J170+K170 -> 6
A171: Kossounou | B171: =IFERROR(INDEX(Fantacalcio!D:D, MATCH($A171, Fantacalcio!$C:$C, 0)), 0) -> 0 | C171: =IFERROR(INDEX(Fantacalcio!E:E, MATCH($A171, Fantacalcio!$C:$C, 0)), 0) -> 0 | D171: =IFERROR(INDEX(Fantacalcio!F:F, MATCH($A171, Fantacalcio!$C:$C, 0)), 0) -> 0 | E171: =IFERROR(INDEX(Fantacalcio!G:G, MATCH($A171, Fantacalcio!$C:$C, 0)), 0) -> 0 | F171: =IFERROR(INDEX(Fantacalcio!H:H, MATCH($A171, Fantacalcio!$C:$C, 0)), 0) -> 0 | G171: =IFERROR(INDEX(Fantacalcio!I:I, MATCH($A171, Fantacalcio!$C:$C, 0)), 0) -> 0 | H171: =IFERROR(INDEX(Fantacalcio!J:J, MATCH($A171, Fantacalcio!$C:$C, 0)), 0) -> 0 | I171: =IFERROR(INDEX(Fantacalcio!K:K, MATCH($A171, Fantacalcio!$C:$C, 0)), 0) -> 0 | J171: =IFERROR(INDEX(Fantacalcio!L:L, MATCH($A171, Fantacalcio!$C:$C, 0)), 0) -> 0 | K171: =IFERROR(INDEX(Fantacalcio!M:M, MATCH($A171, Fantacalcio!$C:$C, 0)), 0) -> 0 | L171: =B171+(C171*3)-D171+(E171*3)-(F171*3)+(G171*3)-(H171*2)-(IF(I171=1, 0.5, 0))-J171+K171 -> 0
A172: Vitik | B172: =IFERROR(INDEX(Fantacalcio!D:D, MATCH($A172, Fantacalcio!$C:$C, 0)), 0) -> 0 | C172: =IFERROR(INDEX(Fantacalcio!E:E, MATCH($A172, Fantacalcio!$C:$C, 0)), 0) -> 0 | D172: =IFERROR(INDEX(Fantacalcio!F:F, MATCH($A172, Fantacalcio!$C:$C, 0)), 0) -> 0 | E172: =IFERROR(INDEX(Fantacalcio!G:G, MATCH($A172, Fantacalcio!$C:$C, 0)), 0) -> 0 | F172: =IFERROR(INDEX(Fantacalcio!H:H, MATCH($A172, Fantacalcio!$C:$C, 0)), 0) -> 0 | G172: =IFERROR(INDEX(Fantacalcio!I:I, MATCH($A172, Fantacalcio!$C:$C, 0)), 0) -> 0 | H172: =IFERROR(INDEX(Fantacalcio!J:J, MATCH($A172, Fantacalcio!$C:$C, 0)), 0) -> 0 | I172: =IFERROR(INDEX(Fantacalcio!K:K, MATCH($A172, Fantacalcio!$C:$C, 0)), 0) -> 0 | J172: =IFERROR(INDEX(Fantacalcio!L:L, MATCH($A172, Fantacalcio!$C:$C, 0)), 0) -> 0 | K172: =IFERROR(INDEX(Fantacalcio!M:M, MATCH($A172, Fantacalcio!$C:$C, 0)), 0) -> 0 | L172: =B172+(C172*3)-D172+(E172*3)-(F172*3)+(G172*3)-(H172*2)-(IF(I172=1, 0.5, 0))-J172+K172 -> 0
A173: Smolcic I. | B173: =IFERROR(INDEX(Fantacalcio!D:D, MATCH($A173, Fantacalcio!$C:$C, 0)), 0) -> 0 | C173: =IFERROR(INDEX(Fantacalcio!E:E, MATCH($A173, Fantacalcio!$C:$C, 0)), 0) -> 0 | D173: =IFERROR(INDEX(Fantacalcio!F:F, MATCH($A173, Fantacalcio!$C:$C, 0)), 0) -> 0 | E173: =IFERROR(INDEX(Fantacalcio!G:G, MATCH($A173, Fantacalcio!$C:$C, 0)), 0) -> 0 | F173: =IFERROR(INDEX(Fantacalcio!H:H, MATCH($A173, Fantacalcio!$C:$C, 0)), 0) -> 0 | G173: =IFERROR(INDEX(Fantacalcio!I:I, MATCH($A173, Fantacalcio!$C:$C, 0)), 0) -> 0 | H173: =IFERROR(INDEX(Fantacalcio!J:J, MATCH($A173, Fantacalcio!$C:$C, 0)), 0) -> 0 | I173: =IFERROR(INDEX(Fantacalcio!K:K, MATCH($A173, Fantacalcio!$C:$C, 0)), 0) -> 0 | J173: =IFERROR(INDEX(Fantacalcio!L:L, MATCH($A173, Fantacalcio!$C:$C, 0)), 0) -> 0 | K173: =IFERROR(INDEX(Fantacalcio!M:M, MATCH($A173, Fantacalcio!$C:$C, 0)), 0) -> 0 | L173: =B173+(C173*3)-D173+(E173*3)-(F173*3)+(G173*3)-(H173*2)-(IF(I173=1, 0.5, 0))-J173+K173 -> 0
A174: Parisi | B174: =IFERROR(INDEX(Fantacalcio!D:D, MATCH($A174, Fantacalcio!$C:$C, 0)), 0) -> 0 | C174: =IFERROR(INDEX(Fantacalcio!E:E, MATCH($A174, Fantacalcio!$C:$C, 0)), 0) -> 0 | D174: =IFERROR(INDEX(Fantacalcio!F:F, MATCH($A174, Fantacalcio!$C:$C, 0)), 0) -> 0 | E174: =IFERROR(INDEX(Fantacalcio!G:G, MATCH($A174, Fantacalcio!$C:$C, 0)), 0) -> 0 | F174: =IFERROR(INDEX(Fantacalcio!H:H, MATCH($A174, Fantacalcio!$C:$C, 0)), 0) -> 0 | G174: =IFERROR(INDEX(Fantacalcio!I:I, MATCH($A174, Fantacalcio!$C:$C, 0)), 0) -> 0 | H174: =IFERROR(INDEX(Fantacalcio!J:J, MATCH($A174, Fantacalcio!$C:$C, 0)), 0) -> 0 | I174: =IFERROR(INDEX(Fantacalcio!K:K, MATCH($A174, Fantacalcio!$C:$C, 0)), 0) -> 0 | J174: =IFERROR(INDEX(Fantacalcio!L:L, MATCH($A174, Fantacalcio!$C:$C, 0)), 0) -> 0 | K174: =IFERROR(INDEX(Fantacalcio!M:M, MATCH($A174, Fantacalcio!$C:$C, 0)), 0) -> 0 | L174: =B174+(C174*3)-D174+(E174*3)-(F174*3)+(G174*3)-(H174*2)-(IF(I174=1, 0.5, 0))-J174+K174 -> 0
A175: Cittadini | B175: =IFERROR(INDEX(Fantacalcio!D:D, MATCH($A175, Fantacalcio!$C:$C, 0)), 0) -> 5.5 | C175: =IFERROR(INDEX(Fantacalcio!E:E, MATCH($A175, Fantacalcio!$C:$C, 0)), 0) -> 0 | D175: =IFERROR(INDEX(Fantacalcio!F:F, MATCH($A175, Fantacalcio!$C:$C, 0)), 0) -> 0 | E175: =IFERROR(INDEX(Fantacalcio!G:G, MATCH($A175, Fantacalcio!$C:$C, 0)), 0) -> 0 | F175: =IFERROR(INDEX(Fantacalcio!H:H, MATCH($A175, Fantacalcio!$C:$C, 0)), 0) -> 0 | G175: =IFERROR(INDEX(Fantacalcio!I:I, MATCH($A175, Fantacalcio!$C:$C, 0)), 0) -> 0 | H175: =IFERROR(INDEX(Fantacalcio!J:J, MATCH($A175, Fantacalcio!$C:$C, 0)), 0) -> 0 | I175: =IFERROR(INDEX(Fantacalcio!K:K, MATCH($A175, Fantacalcio!$C:$C, 0)), 0) -> 0 | J175: =IFERROR(INDEX(Fantacalcio!L:L, MATCH($A175, Fantacalcio!$C:$C, 0)), 0) -> 0 | K175: =IFERROR(INDEX(Fantacalcio!M:M, MATCH($A175, Fantacalcio!$C:$C, 0)), 0) -> 0 | L175: =B175+(C175*3)-D175+(E175*3)-(F175*3)+(G175*3)-(H175*2)-(IF(I175=1, 0.5, 0))-J175+K175 -> 5.5
A176: Provstgaard | B176: =IFERROR(INDEX(Fantacalcio!D:D, MATCH($A176, Fantacalcio!$C:$C, 0)), 0) -> 6 | C176: =IFERROR(INDEX(Fantacalcio!E:E, MATCH($A176, Fantacalcio!$C:$C, 0)), 0) -> 0 | D176: =IFERROR(INDEX(Fantacalcio!F:F, MATCH($A176, Fantacalcio!$C:$C, 0)), 0) -> 0 | E176: =IFERROR(INDEX(Fantacalcio!G:G, MATCH($A176, Fantacalcio!$C:$C, 0)), 0) -> 0 | F176: =IFERROR(INDEX(Fantacalcio!H:H, MATCH($A176, Fantacalcio!$C:$C, 0)), 0) -> 0 | G176: =IFERROR(INDEX(Fantacalcio!I:I, MATCH($A176, Fantacalcio!$C:$C, 0)), 0) -> 0 | H176: =IFERROR(INDEX(Fantacalcio!J:J, MATCH($A176, Fantacalcio!$C:$C, 0)), 0) -> 0 | I176: =IFERROR(INDEX(Fantacalcio!K:K, MATCH($A176, Fantacalcio!$C:$C, 0)), 0) -> 1 | J176: =IFERROR(INDEX(Fantacalcio!L:L, MATCH($A176, Fantacalcio!$C:$C, 0)), 0) -> 0 | K176: =IFERROR(INDEX(Fantacalcio!M:M, MATCH($A176, Fantacalcio!$C:$C, 0)), 0) -> 0 | L176: =B176+(C176*3)-D176+(E176*3)-(F176*3)+(G176*3)-(H176*2)-(IF(I176=1, 0.5, 0))-J176+K176 -> 5.5
A177: Floriani Mussolini | B177: =IFERROR(INDEX(Fantacalcio!D:D, MATCH($A177, Fantacalcio!$C:$C, 0)), 0) -> 6 | C177: =IFERROR(INDEX(Fantacalcio!E:E, MATCH($A177, Fantacalcio!$C:$C, 0)), 0) -> 0 | D177: =IFERROR(INDEX(Fantacalcio!F:F, MATCH($A177, Fantacalcio!$C:$C, 0)), 0) -> 0 | E177: =IFERROR(INDEX(Fantacalcio!G:G, MATCH($A177, Fantacalcio!$C:$C, 0)), 0) -> 0 | F177: =IFERROR(INDEX(Fantacalcio!H:H, MATCH($A177, Fantacalcio!$C:$C, 0)), 0) -> 0 | G177: =IFERROR(INDEX(Fantacalcio!I:I, MATCH($A177, Fantacalcio!$C:$C, 0)), 0) -> 0 | H177: =IFERROR(INDEX(Fantacalcio!J:J, MATCH($A177, Fantacalcio!$C:$C, 0)), 0) -> 0 | I177: =IFERROR(INDEX(Fantacalcio!K:K, MATCH($A177, Fantacalcio!$C:$C, 0)), 0) -> 0 | J177: =IFERROR(INDEX(Fantacalcio!L:L, MATCH($A177, Fantacalcio!$C:$C, 0)), 0) -> 0 | K177: =IFERROR(INDEX(Fantacalcio!M:M, MATCH($A177, Fantacalcio!$C:$C, 0)), 0) -> 0 | L177: =B177+(C177*3)-D177+(E177*3)-(F177*3)+(G177*3)-(H177*2)-(IF(I177=1, 0.5, 0))-J177+K177 -> 6
A178: Siebert | B178: =IFERROR(INDEX(Fantacalcio!D:D, MATCH($A178, Fantacalcio!$C:$C, 0)), 0) -> 6 | C178: =IFERROR(INDEX(Fantacalcio!E:E, MATCH($A178, Fantacalcio!$C:$C, 0)), 0) -> 0 | D178: =IFERROR(INDEX(Fantacalcio!F:F, MATCH($A178, Fantacalcio!$C:$C, 0)), 0) -> 0 | E178: =IFERROR(INDEX(Fantacalcio!G:G, MATCH($A178, Fantacalcio!$C:$C, 0)), 0) -> 0 | F178: =IFERROR(INDEX(Fantacalcio!H:H, MATCH($A178, Fantacalcio!$C:$C, 0)), 0) -> 0 | G178: =IFERROR(INDEX(Fantacalcio!I:I, MATCH($A178, Fantacalcio!$C:$C, 0)), 0) -> 0 | H178: =IFERROR(INDEX(Fantacalcio!J:J, MATCH($A178, Fantacalcio!$C:$C, 0)), 0) -> 0 | I178: =IFERROR(INDEX(Fantacalcio!K:K, MATCH($A178, Fantacalcio!$C:$C, 0)), 0) -> 0 | J178: =IFERROR(INDEX(Fantacalcio!L:L, MATCH($A178, Fantacalcio!$C:$C, 0)), 0) -> 0 | K178: =IFERROR(INDEX(Fantacalcio!M:M, MATCH($A178, Fantacalcio!$C:$C, 0)), 0) -> 0 | L178: =B178+(C178*3)-D178+(E178*3)-(F178*3)+(G178*3)-(H178*2)-(IF(I178=1, 0.5, 0))-J178+K178 -> 6
... A184: Valenti | B184: =IFERROR(INDEX(Fantacalcio!D:D, MATCH($A184, Fantacalcio!$C:$C, 0)), 0) -> 0 | C184: =IFERROR(INDEX(Fantacalcio!E:E, MATCH($A184, Fantacalcio!$C:$C, 0)), 0) -> 0 | D184: =IFERROR(INDEX(Fantacalcio!F:F, MATCH($A184, Fantacalcio!$C:$C, 0)), 0) -> 0 | E184: =IFERROR(INDEX(Fantacalcio!G:G, MATCH($A184, Fantacalcio!$C:$C, 0)), 0) -> 0 | F184: =IFERROR(INDEX(Fantacalcio!H:H, MATCH($A184, Fantacalcio!$C:$C, 0)), 0) -> 0 | G184: =IFERROR(INDEX(Fantacalcio!I:I, MATCH($A184, Fantacalcio!$C:$C, 0)), 0) -> 0 | H184: =IFERROR(INDEX(Fantacalcio!J:J, MATCH($A184, Fantacalcio!$C:$C, 0)), 0) -> 0 | I184: =IFERROR(INDEX(Fantacalcio!K:K, MATCH($A184, Fantacalcio!$C:$C, 0)), 0) -> 0 | J184: =IFERROR(INDEX(Fantacalcio!L:L, MATCH($A184, Fantacalcio!$C:$C, 0)), 0) -> 0 | K184: =IFERROR(INDEX(Fantacalcio!M:M, MATCH($A184, Fantacalcio!$C:$C, 0)), 0) -> 0 | L184: =B184+(C184*3)-D184+(E184*3)-(F184*3)+(G184*3)-(H184*2)-(IF(I184=1, 0.5, 0))-J184+K184 -> 0
A185: Britschgi | B185: 6 | C185: =IFERROR(INDEX(Fantacalcio!E:E, MATCH($A185, Fantacalcio!$C:$C, 0)), 0) -> 0 | D185: =IFERROR(INDEX(Fantacalcio!F:F, MATCH($A185, Fantacalcio!$C:$C, 0)), 0) -> 0 | E185: =IFERROR(INDEX(Fantacalcio!G:G, MATCH($A185, Fantacalcio!$C:$C, 0)), 0) -> 0 | F185: =IFERROR(INDEX(Fantacalcio!H:H, MATCH($A185, Fantacalcio!$C:$C, 0)), 0) -> 0 | G185: =IFERROR(INDEX(Fantacalcio!I:I, MATCH($A185, Fantacalcio!$C:$C, 0)), 0) -> 0 | H185: =IFERROR(INDEX(Fantacalcio!J:J, MATCH($A185, Fantacalcio!$C:$C, 0)), 0) -> 0 | I185: =IFERROR(INDEX(Fantacalcio!K:K, MATCH($A185, Fantacalcio!$C:$C, 0)), 0) -> 0 | J185: =IFERROR(INDEX(Fantacalcio!L:L, MATCH($A185, Fantacalcio!$C:$C, 0)), 0) -> 0 | K185: =IFERROR(INDEX(Fantacalcio!M:M, MATCH($A185, Fantacalcio!$C:$C, 0)), 0) -> 0 | L185: =B185+(C185*3)-D185+(E185*3)-(F185*3)+(G185*3)-(H185*2)-(IF(I185=1, 0.5, 0))-J185+K185 -> 6
A186: Rensch | B186: =IFERROR(INDEX(Fantacalcio!D:D, MATCH($A186, Fantacalcio!$C:$C, 0)), 0) -> 6 | C186: =IFERROR(INDEX(Fantacalcio!E:E, MATCH($A186, Fantacalcio!$C:$C, 0)), 0) -> 0 | D186: =IFERROR(INDEX(Fantacalcio!F:F, MATCH($A186, Fantacalcio!$C:$C, 0)), 0) -> 0 | E186: =IFERROR(INDEX(Fantacalcio!G:G, MATCH($A186, Fantacalcio!$C:$C, 0)), 0) -> 0 | F186: =IFERROR(INDEX(Fantacalcio!H:H, MATCH($A186, Fantacalcio!$C:$C, 0)), 0) -> 0 | G186: =IFERROR(INDEX(Fantacalcio!I:I, MATCH($A186, Fantacalcio!$C:$C, 0)), 0) -> 0 | H186: =IFERROR(INDEX(Fantacalcio!J:J, MATCH($A186, Fantacalcio!$C:$C, 0)), 0) -> 0 | I186: =IFERROR(INDEX(Fantacalcio!K:K, MATCH($A186, Fantacalcio!$C:$C, 0)), 0) -> 0 | J186: =IFERROR(INDEX(Fantacalcio!L:L, MATCH($A186, Fantacalcio!$C:$C, 0)), 0) -> 0 | K186: =IFERROR(INDEX(Fantacalcio!M:M, MATCH($A186, Fantacalcio!$C:$C, 0)), 0) -> 0 | L186: =B186+(C186*3)-D186+(E186*3)-(F186*3)+(G186*3)-(H186*2)-(IF(I186=1, 0.5, 0))-J186+K186 -> 6
A187: Kabasele | B187: =IFERROR(INDEX(Fantacalcio!D:D, MATCH($A187, Fantacalcio!$C:$C, 0)), 0) -> 0 | C187: =IFERROR(INDEX(Fantacalcio!E:E, MATCH($A187, Fantacalcio!$C:$C, 0)), 0) -> 0 | D187: =IFERROR(INDEX(Fantacalcio!F:F, MATCH($A187, Fantacalcio!$C:$C, 0)), 0) -> 0 | E187: =IFERROR(INDEX(Fantacalcio!G:G, MATCH($A187, Fantacalcio!$C:$C, 0)), 0) -> 0 | F187: =IFERROR(INDEX(Fantacalcio!H:H, MATCH($A187, Fantacalcio!$C:$C, 0)), 0) -> 0 | G187: =IFERROR(INDEX(Fantacalcio!I:I, MATCH($A187, Fantacalcio!$C:$C, 0)), 0) -> 0 | H187: =IFERROR(INDEX(Fantacalcio!J:J, MATCH($A187, Fantacalcio!$C:$C, 0)), 0) -> 0 | I187: =IFERROR(INDEX(Fantacalcio!K:K, MATCH($A187, Fantacalcio!$C:$C, 0)), 0) -> 0 | J187: =IFERROR(INDEX(Fantacalcio!L:L, MATCH($A187, Fantacalcio!$C:$C, 0)), 0) -> 0 | K187: =IFERROR(INDEX(Fantacalcio!M:M, MATCH($A187, Fantacalcio!$C:$C, 0)), 0) -> 0 | L187: =B187+(C187*3)-D187+(E187*3)-(F187*3)+(G187*3)-(H187*2)-(IF(I187=1, 0.5, 0))-J187+K187 -> 0
A188: Bertola | B188: =IFERROR(INDEX(Fantacalcio!D:D, MATCH($A188, Fantacalcio!$C:$C, 0)), 0) -> 6 | C188: =IFERROR(INDEX(Fantacalcio!E:E, MATCH($A188, Fantacalcio!$C:$C, 0)), 0) -> 0 | D188: =IFERROR(INDEX(Fantacalcio!F:F, MATCH($A188, Fantacalcio!$C:$C, 0)), 0) -> 0 | E188: =IFERROR(INDEX(Fantacalcio!G:G, MATCH($A188, Fantacalcio!$C:$C, 0)), 0) -> 0 | F188: =IFERROR(INDEX(Fantacalcio!H:H, MATCH($A188, Fantacalcio!$C:$C, 0)), 0) -> 0 | G188: =IFERROR(INDEX(Fantacalcio!I:I, MATCH($A188, Fantacalcio!$C:$C, 0)), 0) -> 0 | H188: =IFERROR(INDEX(Fantacalcio!J:J, MATCH($A188, Fantacalcio!$C:$C, 0)), 0) -> 0 | I188: =IFERROR(INDEX(Fantacalcio!K:K, MATCH($A188, Fantacalcio!$C:$C, 0)), 0) -> 1 | J188: =IFERROR(INDEX(Fantacalcio!L:L, MATCH($A188, Fantacalcio!$C:$C, 0)), 0) -> 0 | K188: =IFERROR(INDEX(Fantacalcio!M:M, MATCH($A188, Fantacalcio!$C:$C, 0)), 0) -> 0 | L188: =B188+(C188*3)-D188+(E188*3)-(F188*3)+(G188*3)-(H188*2)-(IF(I188=1, 0.5, 0))-J188+K188 -> 5.5
A189: Moreno M. | B189: =IFERROR(INDEX(Fantacalcio!D:D, MATCH($A189, Fantacalcio!$C:$C, 0)), 0) -> 4.5 | C189: =IFERROR(INDEX(Fantacalcio!E:E, MATCH($A189, Fantacalcio!$C:$C, 0)), 0) -> 0 | D189: =IFERROR(INDEX(Fantacalcio!F:F, MATCH($A189, Fantacalcio!$C:$C, 0)), 0) -> 0 | E189: =IFERROR(INDEX(Fantacalcio!G:G, MATCH($A189, Fantacalcio!$C:$C, 0)), 0) -> 0 | F189: =IFERROR(INDEX(Fantacalcio!H:H, MATCH($A189, Fantacalcio!$C:$C, 0)), 0) -> 0 | G189: =IFERROR(INDEX(Fantacalcio!I:I, MATCH($A189, Fantacalcio!$C:$C, 0)), 0) -> 0 | H189: =IFERROR(INDEX(Fantacalcio!J:J, MATCH($A189, Fantacalcio!$C:$C, 0)), 0) -> 0 | I189: =IFERROR(INDEX(Fantacalcio!K:K, MATCH($A189, Fantacalcio!$C:$C, 0)), 0) -> 1 | J189: =IFERROR(INDEX(Fantacalcio!L:L, MATCH($A189, Fantacalcio!$C:$C, 0)), 0) -> 0 | K189: =IFERROR(INDEX(Fantacalcio!M:M, MATCH($A189, Fantacalcio!$C:$C, 0)), 0) -> 0 | L189: =B189+(C189*3)-D189+(E189*3)-(F189*3)+(G189*3)-(H189*2)-(IF(I189=1, 0.5, 0))-J189+K189 -> 4
A190: Sagrado | B190: =IFERROR(INDEX(Fantacalcio!D:D, MATCH($A190, Fantacalcio!$C:$C, 0)), 0) -> 6.5 | C190: =IFERROR(INDEX(Fantacalcio!E:E, MATCH($A190, Fantacalcio!$C:$C, 0)), 0) -> 0 | D190: =IFERROR(INDEX(Fantacalcio!F:F, MATCH($A190, Fantacalcio!$C:$C, 0)), 0) -> 0 | E190: =IFERROR(INDEX(Fantacalcio!G:G, MATCH($A190, Fantacalcio!$C:$C, 0)), 0) -> 0 | F190: =IFERROR(INDEX(Fantacalcio!H:H, MATCH($A190, Fantacalcio!$C:$C, 0)), 0) -> 0 | G190: =IFERROR(INDEX(Fantacalcio!I:I, MATCH($A190, Fantacalcio!$C:$C, 0)), 0) -> 0 | H190: =IFERROR(INDEX(Fantacalcio!J:J, MATCH($A190, Fantacalcio!$C:$C, 0)), 0) -> 0 | I190: =IFERROR(INDEX(Fantacalcio!K:K, MATCH($A190, Fantacalcio!$C:$C, 0)), 0) -> 0 | J190: =IFERROR(INDEX(Fantacalcio!L:L, MATCH($A190, Fantacalcio!$C:$C, 0)), 0) -> 0 | K190: =IFERROR(INDEX(Fantacalcio!M:M, MATCH($A190, Fantacalcio!$C:$C, 0)), 0) -> 1 | L190: =B190+(C190*3)-D190+(E190*3)-(F190*3)+(G190*3)-(H190*2)-(IF(I190=1, 0.5, 0))-J190+K190 -> 7.5
A191: Terzic | B191: =IFERROR(INDEX(Fantacalcio!D:D, MATCH($A191, Fantacalcio!$C:$C, 0)), 0) -> 6 | C191: =IFERROR(INDEX(Fantacalcio!E:E, MATCH($A191, Fantacalcio!$C:$C, 0)), 0) -> 0 | D191: =IFERROR(INDEX(Fantacalcio!F:F, MATCH($A191, Fantacalcio!$C:$C, 0)), 0) -> 0 | E191: =IFERROR(INDEX(Fantacalcio!G:G, MATCH($A191, Fantacalcio!$C:$C, 0)), 0) -> 0 | F191: =IFERROR(INDEX(Fantacalcio!H:H, MATCH($A191, Fantacalcio!$C:$C, 0)), 0) -> 0 | G191: =IFERROR(INDEX(Fantacalcio!I:I, MATCH($A191, Fantacalcio!$C:$C, 0)), 0) -> 0 | H191: =IFERROR(INDEX(Fantacalcio!J:J, MATCH($A191, Fantacalcio!$C:$C, 0)), 0) -> 0 | I191: =IFERROR(INDEX(Fantacalcio!K:K, MATCH($A191, Fantacalcio!$C:$C, 0)), 0) -> 0 | J191: =IFERROR(INDEX(Fantacalcio!L:L, MATCH($A191, Fantacalcio!$C:$C, 0)), 0) -> 0 | K191: =IFERROR(INDEX(Fantacalcio!M:M, MATCH($A191, Fantacalcio!$C:$C, 0)), 0) -> 0 | L191: =B191+(C191*3)-D191+(E191*3)-(F191*3)+(G191*3)-(H191*2)-(IF(I191=1, 0.5, 0))-J191+K191 -> 6
A192: Cinquegrano | B192: 6 | C192: =IFERROR(INDEX(Fantacalcio!E:E, MATCH($A192, Fantacalcio!$C:$C, 0)), 0) -> 0 | D192: =IFERROR(INDEX(Fantacalcio!F:F, MATCH($A192, Fantacalcio!$C:$C, 0)), 0) -> 0 | E192: =IFERROR(INDEX(Fantacalcio!G:G, MATCH($A192, Fantacalcio!$C:$C, 0)), 0) -> 0 | F192: =IFERROR(INDEX(Fantacalcio!H:H, MATCH($A192, Fantacalcio!$C:$C, 0)), 0) -> 0 | G192: =IFERROR(INDEX(Fantacalcio!I:I, MATCH($A192, Fantacalcio!$C:$C, 0)), 0) -> 0 | H192: =IFERROR(INDEX(Fantacalcio!J:J, MATCH($A192, Fantacalcio!$C:$C, 0)), 0) -> 0 | I192: =IFERROR(INDEX(Fantacalcio!K:K, MATCH($A192, Fantacalcio!$C:$C, 0)), 0) -> 0 | J192: =IFERROR(INDEX(Fantacalcio!L:L, MATCH($A192, Fantacalcio!$C:$C, 0)), 0) -> 0 | K192: =IFERROR(INDEX(Fantacalcio!M:M, MATCH($A192, Fantacalcio!$C:$C, 0)), 0) -> 0 | L192: =B192+(C192*3)-D192+(E192*3)-(F192*3)+(G192*3)-(H192*2)-(IF(I192=1, 0.5, 0))-J192+K192 -> 6
A193: Juan Jesus | B193: 6 | C193: =IFERROR(INDEX(Fantacalcio!E:E, MATCH($A193, Fantacalcio!$C:$C, 0)), 0) -> 0 | D193: =IFERROR(INDEX(Fantacalcio!F:F, MATCH($A193, Fantacalcio!$C:$C, 0)), 0) -> 0 | E193: =IFERROR(INDEX(Fantacalcio!G:G, MATCH($A193, Fantacalcio!$C:$C, 0)), 0) -> 0 | F193: =IFERROR(INDEX(Fantacalcio!H:H, MATCH($A193, Fantacalcio!$C:$C, 0)), 0) -> 0 | G193: =IFERROR(INDEX(Fantacalcio!I:I, MATCH($A193, Fantacalcio!$C:$C, 0)), 0) -> 0 | H193: =IFERROR(INDEX(Fantacalcio!J:J, MATCH($A193, Fantacalcio!$C:$C, 0)), 0) -> 0 | I193: =IFERROR(INDEX(Fantacalcio!K:K, MATCH($A193, Fantacalcio!$C:$C, 0)), 0) -> 1 | J193: =IFERROR(INDEX(Fantacalcio!L:L, MATCH($A193, Fantacalcio!$C:$C, 0)), 0) -> 0 | K193: =IFERROR(INDEX(Fantacalcio!M:M, MATCH($A193, Fantacalcio!$C:$C, 0)), 0) -> 0 | L193: =B193+(C193*3)-D193+(E193*3)-(F193*3)+(G193*3)-(H193*2)-(IF(I193=1, 0.5, 0))-J193+K193 -> 5.5
A194: Ehizibue | B194: =IFERROR(INDEX(Fantacalcio!D:D, MATCH($A194, Fantacalcio!$C:$C, 0)), 0) -> 6 | C194: =IFERROR(INDEX(Fantacalcio!E:E, MATCH($A194, Fantacalcio!$C:$C, 0)), 0) -> 0 | D194: =IFERROR(INDEX(Fantacalcio!F:F, MATCH($A194, Fantacalcio!$C:$C, 0)), 0) -> 0 | E194: =IFERROR(INDEX(Fantacalcio!G:G, MATCH($A194, Fantacalcio!$C:$C, 0)), 0) -> 0 | F194: =IFERROR(INDEX(Fantacalcio!H:H, MATCH($A194, Fantacalcio!$C:$C, 0)), 0) -> 0 | G194: =IFERROR(INDEX(Fantacalcio!I:I, MATCH($A194, Fantacalcio!$C:$C, 0)), 0) -> 0 | H194: =IFERROR(INDEX(Fantacalcio!J:J, MATCH($A194, Fantacalcio!$C:$C, 0)), 0) -> 0 | I194: =IFERROR(INDEX(Fantacalcio!K:K, MATCH($A194, Fantacalcio!$C:$C, 0)), 0) -> 0 | J194: =IFERROR(INDEX(Fantacalcio!L:L, MATCH($A194, Fantacalcio!$C:$C, 0)), 0) -> 0 | K194: =IFERROR(INDEX(Fantacalcio!M:M, MATCH($A194, Fantacalcio!$C:$C, 0)), 0) -> 0 | L194: =B194+(C194*3)-D194+(E194*3)-(F194*3)+(G194*3)-(H194*2)-(IF(I194=1, 0.5, 0))-J194+K194 -> 6
A195: Helland | B195: =IFERROR(INDEX(Fantacalcio!D:D, MATCH($A195, Fantacalcio!$C:$C, 0)), 0) -> 6 | C195: =IFERROR(INDEX(Fantacalcio!E:E, MATCH($A195, Fantacalcio!$C:$C, 0)), 0) -> 0 | D195: =IFERROR(INDEX(Fantacalcio!F:F, MATCH($A195, Fantacalcio!$C:$C, 0)), 0) -> 0 | E195: =IFERROR(INDEX(Fantacalcio!G:G, MATCH($A195, Fantacalcio!$C:$C, 0)), 0) -> 0 | F195: =IFERROR(INDEX(Fantacalcio!H:H, MATCH($A195, Fantacalcio!$C:$C, 0)), 0) -> 0 | G195: =IFERROR(INDEX(Fantacalcio!I:I, MATCH($A195, Fantacalcio!$C:$C, 0)), 0) -> 0 | H195: =IFERROR(INDEX(Fantacalcio!J:J, MATCH($A195, Fantacalcio!$C:$C, 0)), 0) -> 0 | I195: =IFERROR(INDEX(Fantacalcio!K:K, MATCH($A195, Fantacalcio!$C:$C, 0)), 0) -> 0 | J195: =IFERROR(INDEX(Fantacalcio!L:L, MATCH($A195, Fantacalcio!$C:$C, 0)), 0) -> 0 | K195: =IFERROR(INDEX(Fantacalcio!M:M, MATCH($A195, Fantacalcio!$C:$C, 0)), 0) -> 0 | L195: =B195+(C195*3)-D195+(E195*3)-(F195*3)+(G195*3)-(H195*2)-(IF(I195=1, 0.5, 0))-J195+K195 -> 6
A196: Pongracic | B196: =IFERROR(INDEX(Fantacalcio!D:D, MATCH($A196, Fantacalcio!$C:$C, 0)), 0) -> 0 | C196: =IFERROR(INDEX(Fantacalcio!E:E, MATCH($A196, Fantacalcio!$C:$C, 0)), 0) -> 0 | D196: =IFERROR(INDEX(Fantacalcio!F:F, MATCH($A196, Fantacalcio!$C:$C, 0)), 0) -> 0 | E196: =IFERROR(INDEX(Fantacalcio!G:G, MATCH($A196, Fantacalcio!$C:$C, 0)), 0) -> 0 | F196: =IFERROR(INDEX(Fantacalcio!H:H, MATCH($A196, Fantacalcio!$C:$C, 0)), 0) -> 0 | G196: =IFERROR(INDEX(Fantacalcio!I:I, MATCH($A196, Fantacalcio!$C:$C, 0)), 0) -> 0 | H196: =IFERROR(INDEX(Fantacalcio!J:J, MATCH($A196, Fantacalcio!$C:$C, 0)), 0) -> 0 | I196: =IFERROR(INDEX(Fantacalcio!K:K, MATCH($A196, Fantacalcio!$C:$C, 0)), 0) -> 0 | J196: =IFERROR(INDEX(Fantacalcio!L:L, MATCH($A196, Fantacalcio!$C:$C, 0)), 0) -> 0 | K196: =IFERROR(INDEX(Fantacalcio!M:M, MATCH($A196, Fantacalcio!$C:$C, 0)), 0) -> 0 | L196: =B196+(C196*3)-D196+(E196*3)-(F196*3)+(G196*3)-(H196*2)-(IF(I196=1, 0.5, 0))-J196+K196 -> 0
A197: Joao Mario | B197: =IFERROR(INDEX(Fantacalcio!D:D, MATCH($A197, Fantacalcio!$C:$C, 0)), 0) -> 0 | C197: =IFERROR(INDEX(Fantacalcio!E:E, MATCH($A197, Fantacalcio!$C:$C, 0)), 0) -> 0 | D197: =IFERROR(INDEX(Fantacalcio!F:F, MATCH($A197, Fantacalcio!$C:$C, 0)), 0) -> 0 | E197: =IFERROR(INDEX(Fantacalcio!G:G, MATCH($A197, Fantacalcio!$C:$C, 0)), 0) -> 0 | F197: =IFERROR(INDEX(Fantacalcio!H:H, MATCH($A197, Fantacalcio!$C:$C, 0)), 0) -> 0 | G197: =IFERROR(INDEX(Fantacalcio!I:I, MATCH($A197, Fantacalcio!$C:$C, 0)), 0) -> 0 | H197: =IFERROR(INDEX(Fantacalcio!J:J, MATCH($A197, Fantacalcio!$C:$C, 0)), 0) -> 0 | I197: =IFERROR(INDEX(Fantacalcio!K:K, MATCH($A197, Fantacalcio!$C:$C, 0)), 0) -> 0 | J197: =IFERROR(INDEX(Fantacalcio!L:L, MATCH($A197, Fantacalcio!$C:$C, 0)), 0) -> 0 | K197: =IFERROR(INDEX(Fantacalcio!M:M, MATCH($A197, Fantacalcio!$C:$C, 0)), 0) -> 0 | L197: =B197+(C197*3)-D197+(E197*3)-(F197*3)+(G197*3)-(H197*2)-(IF(I197=1, 0.5, 0))-J197+K197 -> 0
A198: Mitaj | B198: =IFERROR(INDEX(Fantacalcio!D:D, MATCH($A198, Fantacalcio!$C:$C, 0)), 0) -> 0 | C198: =IFERROR(INDEX(Fantacalcio!E:E, MATCH($A198, Fantacalcio!$C:$C, 0)), 0) -> 0 | D198: =IFERROR(INDEX(Fantacalcio!F:F, MATCH($A198, Fantacalcio!$C:$C, 0)), 0) -> 0 | E198: =IFERROR(INDEX(Fantacalcio!G:G, MATCH($A198, Fantacalcio!$C:$C, 0)), 0) -> 0 | F198: =IFERROR(INDEX(Fantacalcio!H:H, MATCH($A198, Fantacalcio!$C:$C, 0)), 0) -> 0 | G198: =IFERROR(INDEX(Fantacalcio!I:I, MATCH($A198, Fantacalcio!$C:$C, 0)), 0) -> 0 | H198: =IFERROR(INDEX(Fantacalcio!J:J, MATCH($A198, Fantacalcio!$C:$C, 0)), 0) -> 0 | I198: =IFERROR(INDEX(Fantacalcio!K:K, MATCH($A198, Fantacalcio!$C:$C, 0)), 0) -> 0 | J198: =IFERROR(INDEX(Fantacalcio!L:L, MATCH($A198, Fantacalcio!$C:$C, 0)), 0) -> 0 | K198: =IFERROR(INDEX(Fantacalcio!M:M, MATCH($A198, Fantacalcio!$C:$C, 0)), 0) -> 0 | L198: =B198+(C198*3)-D198+(E198*3)-(F198*3)+(G198*3)-(H198*2)-(IF(I198=1, 0.5, 0))-J198+K198 -> 0
A199: Estupinan | B199: =IFERROR(INDEX(Fantacalcio!D:D, MATCH($A199, Fantacalcio!$C:$C, 0)), 0) -> 5.5 | C199: =IFERROR(INDEX(Fantacalcio!E:E, MATCH($A199, Fantacalcio!$C:$C, 0)), 0) -> 0 | D199: =IFERROR(INDEX(Fantacalcio!F:F, MATCH($A199, Fantacalcio!$C:$C, 0)), 0) -> 0 | E199: =IFERROR(INDEX(Fantacalcio!G:G, MATCH($A199, Fantacalcio!$C:$C, 0)), 0) -> 0 | F199: =IFERROR(INDEX(Fantacalcio!H:H, MATCH($A199, Fantacalcio!$C:$C, 0)), 0) -> 0 | G199: =IFERROR(INDEX(Fantacalcio!I:I, MATCH($A199, Fantacalcio!$C:$C, 0)), 0) -> 0 | H199: =IFERROR(INDEX(Fantacalcio!J:J, MATCH($A199, Fantacalcio!$C:$C, 0)), 0) -> 0 | I199: =IFERROR(INDEX(Fantacalcio!K:K, MATCH($A199, Fantacalcio!$C:$C, 0)), 0) -> 1 | J199: =IFERROR(INDEX(Fantacalcio!L:L, MATCH($A199, Fantacalcio!$C:$C, 0)), 0) -> 0 | K199: =IFERROR(INDEX(Fantacalcio!M:M, MATCH($A199, Fantacalcio!$C:$C, 0)), 0) -> 0 | L199: =B199+(C199*3)-D199+(E199*3)-(F199*3)+(G199*3)-(H199*2)-(IF(I199=1, 0.5, 0))-J199+K199 -> 5
A200: Walukiewicz | B200: =IFERROR(INDEX(Fantacalcio!D:D, MATCH($A200, Fantacalcio!$C:$C, 0)), 0) -> 0 | C200: =IFERROR(INDEX(Fantacalcio!E:E, MATCH($A200, Fantacalcio!$C:$C, 0)), 0) -> 0 | D200: =IFERROR(INDEX(Fantacalcio!F:F, MATCH($A200, Fantacalcio!$C:$C, 0)), 0) -> 0 | E200: =IFERROR(INDEX(Fantacalcio!G:G, MATCH($A200, Fantacalcio!$C:$C, 0)), 0) -> 0 | F200: =IFERROR(INDEX(Fantacalcio!H:H, MATCH($A200, Fantacalcio!$C:$C, 0)), 0) -> 0 | G200: =IFERROR(INDEX(Fantacalcio!I:I, MATCH($A200, Fantacalcio!$C:$C, 0)), 0) -> 0 | H200: =IFERROR(INDEX(Fantacalcio!J:J, MATCH($A200, Fantacalcio!$C:$C, 0)), 0) -> 0 | I200: =IFERROR(INDEX(Fantacalcio!K:K, MATCH($A200, Fantacalcio!$C:$C, 0)), 0) -> 0 | J200: =IFERROR(INDEX(Fantacalcio!L:L, MATCH($A200, Fantacalcio!$C:$C, 0)), 0) -> 0 | K200: =IFERROR(INDEX(Fantacalcio!M:M, MATCH($A200, Fantacalcio!$C:$C, 0)), 0) -> 0 | L200: =B200+(C200*3)-D200+(E200*3)-(F200*3)+(G200*3)-(H200*2)-(IF(I200=1, 0.5, 0))-J200+K200 -> 0
A201: Abankwah | B201: =IFERROR(INDEX(Fantacalcio!D:D, MATCH($A201, Fantacalcio!$C:$C, 0)), 0) -> 5.5 | C201: =IFERROR(INDEX(Fantacalcio!E:E, MATCH($A201, Fantacalcio!$C:$C, 0)), 0) -> 0 | D201: =IFERROR(INDEX(Fantacalcio!F:F, MATCH($A201, Fantacalcio!$C:$C, 0)), 0) -> 0 | E201: =IFERROR(INDEX(Fantacalcio!G:G, MATCH($A201, Fantacalcio!$C:$C, 0)), 0) -> 0 | F201: =IFERROR(INDEX(Fantacalcio!H:H, MATCH($A201, Fantacalcio!$C:$C, 0)), 0) -> 0 | G201: =IFERROR(INDEX(Fantacalcio!I:I, MATCH($A201, Fantacalcio!$C:$C, 0)), 0) -> 0 | H201: =IFERROR(INDEX(Fantacalcio!J:J, MATCH($A201, Fantacalcio!$C:$C, 0)), 0) -> 0 | I201: =IFERROR(INDEX(Fantacalcio!K:K, MATCH($A201, Fantacalcio!$C:$C, 0)), 0) -> 0 | J201: =IFERROR(INDEX(Fantacalcio!L:L, MATCH($A201, Fantacalcio!$C:$C, 0)), 0) -> 0 | K201: =IFERROR(INDEX(Fantacalcio!M:M, MATCH($A201, Fantacalcio!$C:$C, 0)), 0) -> 0 | L201: =B201+(C201*3)-D201+(E201*3)-(F201*3)+(G201*3)-(H201*2)-(IF(I201=1, 0.5, 0))-J201+K201 -> 5.5
A202: Ebosse | B202: =IFERROR(INDEX(Fantacalcio!D:D, MATCH($A202, Fantacalcio!$C:$C, 0)), 0) -> 6 | C202: =IFERROR(INDEX(Fantacalcio!E:E, MATCH($A202, Fantacalcio!$C:$C, 0)), 0) -> 0 | D202: =IFERROR(INDEX(Fantacalcio!F:F, MATCH($A202, Fantacalcio!$C:$C, 0)), 0) -> 0 | E202: =IFERROR(INDEX(Fantacalcio!G:G, MATCH($A202, Fantacalcio!$C:$C, 0)), 0) -> 0 | F202: =IFERROR(INDEX(Fantacalcio!H:H, MATCH($A202, Fantacalcio!$C:$C, 0)), 0) -> 0 | G202: =IFERROR(INDEX(Fantacalcio!I:I, MATCH($A202, Fantacalcio!$C:$C, 0)), 0) -> 0 | H202: =IFERROR(INDEX(Fantacalcio!J:J, MATCH($A202, Fantacalcio!$C:$C, 0)), 0) -> 0 | I202: =IFERROR(INDEX(Fantacalcio!K:K, MATCH($A202, Fantacalcio!$C:$C, 0)), 0) -> 0 | J202: =IFERROR(INDEX(Fantacalcio!L:L, MATCH($A202, Fantacalcio!$C:$C, 0)), 0) -> 0 | K202: =IFERROR(INDEX(Fantacalcio!M:M, MATCH($A202, Fantacalcio!$C:$C, 0)), 0) -> 0 | L202: =B202+(C202*3)-D202+(E202*3)-(F202*3)+(G202*3)-(H202*2)-(IF(I202=1, 0.5, 0))-J202+K202 -> 6
A203: Zanoli | B203: =IFERROR(INDEX(Fantacalcio!D:D, MATCH($A203, Fantacalcio!$C:$C, 0)), 0) -> 0 | C203: =IFERROR(INDEX(Fantacalcio!E:E, MATCH($A203, Fantacalcio!$C:$C, 0)), 0) -> 0 | D203: =IFERROR(INDEX(Fantacalcio!F:F, MATCH($A203, Fantacalcio!$C:$C, 0)), 0) -> 0 | E203: =IFERROR(INDEX(Fantacalcio!G:G, MATCH($A203, Fantacalcio!$C:$C, 0)), 0) -> 0 | F203: =IFERROR(INDEX(Fantacalcio!H:H, MATCH($A203, Fantacalcio!$C:$C, 0)), 0) -> 0 | G203: =IFERROR(INDEX(Fantacalcio!I:I, MATCH($A203, Fantacalcio!$C:$C, 0)), 0) -> 0 | H203: =IFERROR(INDEX(Fantacalcio!J:J, MATCH($A203, Fantacalcio!$C:$C, 0)), 0) -> 0 | I203: =IFERROR(INDEX(Fantacalcio!K:K, MATCH($A203, Fantacalcio!$C:$C, 0)), 0) -> 0 | J203: =IFERROR(INDEX(Fantacalcio!L:L, MATCH($A203, Fantacalcio!$C:$C, 0)), 0) -> 0 | K203: =IFERROR(INDEX(Fantacalcio!M:M, MATCH($A203, Fantacalcio!$C:$C, 0)), 0) -> 0 | L203: =B203+(C203*3)-D203+(E203*3)-(F203*3)+(G203*3)-(H203*2)-(IF(I203=1, 0.5, 0))-J203+K203 -> 0
A204: Arizala | B204: 6 | C204: =IFERROR(INDEX(Fantacalcio!E:E, MATCH($A204, Fantacalcio!$C:$C, 0)), 0) -> 0 | D204: =IFERROR(INDEX(Fantacalcio!F:F, MATCH($A204, Fantacalcio!$C:$C, 0)), 0) -> 0 | E204: =IFERROR(INDEX(Fantacalcio!G:G, MATCH($A204, Fantacalcio!$C:$C, 0)), 0) -> 0 | F204: =IFERROR(INDEX(Fantacalcio!H:H, MATCH($A204, Fantacalcio!$C:$C, 0)), 0) -> 0 | G204: =IFERROR(INDEX(Fantacalcio!I:I, MATCH($A204, Fantacalcio!$C:$C, 0)), 0) -> 0 | H204: =IFERROR(INDEX(Fantacalcio!J:J, MATCH($A204, Fantacalcio!$C:$C, 0)), 0) -> 0 | I204: =IFERROR(INDEX(Fantacalcio!K:K, MATCH($A204, Fantacalcio!$C:$C, 0)), 0) -> 0 | J204: =IFERROR(INDEX(Fantacalcio!L:L, MATCH($A204, Fantacalcio!$C:$C, 0)), 0) -> 0 | K204: =IFERROR(INDEX(Fantacalcio!M:M, MATCH($A204, Fantacalcio!$C:$C, 0)), 0) -> 0 | L204: =B204+(C204*3)-D204+(E204*3)-(F204*3)+(G204*3)-(H204*2)-(IF(I204=1, 0.5, 0))-J204+K204 -> 6
A205: Halhal | B205: =IFERROR(INDEX(Fantacalcio!D:D, MATCH($A205, Fantacalcio!$C:$C, 0)), 0) -> 5 | C205: =IFERROR(INDEX(Fantacalcio!E:E, MATCH($A205, Fantacalcio!$C:$C, 0)), 0) -> 0 | D205: =IFERROR(INDEX(Fantacalcio!F:F, MATCH($A205, Fantacalcio!$C:$C, 0)), 0) -> 0 | E205: =IFERROR(INDEX(Fantacalcio!G:G, MATCH($A205, Fantacalcio!$C:$C, 0)), 0) -> 0 | F205: =IFERROR(INDEX(Fantacalcio!H:H, MATCH($A205, Fantacalcio!$C:$C, 0)), 0) -> 0 | G205: =IFERROR(INDEX(Fantacalcio!I:I, MATCH($A205, Fantacalcio!$C:$C, 0)), 0) -> 0 | H205: =IFERROR(INDEX(Fantacalcio!J:J, MATCH($A205, Fantacalcio!$C:$C, 0)), 0) -> 0 | I205: =IFERROR(INDEX(Fantacalcio!K:K, MATCH($A205, Fantacalcio!$C:$C, 0)), 0) -> 0 | J205: =IFERROR(INDEX(Fantacalcio!L:L, MATCH($A205, Fantacalcio!$C:$C, 0)), 0) -> 0 | K205: =IFERROR(INDEX(Fantacalcio!M:M, MATCH($A205, Fantacalcio!$C:$C, 0)), 0) -> 0 | L205: =B205+(C205*3)-D205+(E205*3)-(F205*3)+(G205*3)-(H205*2)-(IF(I205=1, 0.5, 0))-J205+K205 -> 5
A206: Schingtienne | B206: 6 | C206: =IFERROR(INDEX(Fantacalcio!E:E, MATCH($A206, Fantacalcio!$C:$C, 0)), 0) -> 0 | D206: =IFERROR(INDEX(Fantacalcio!F:F, MATCH($A206, Fantacalcio!$C:$C, 0)), 0) -> 0 | E206: =IFERROR(INDEX(Fantacalcio!G:G, MATCH($A206, Fantacalcio!$C:$C, 0)), 0) -> 0 | F206: =IFERROR(INDEX(Fantacalcio!H:H, MATCH($A206, Fantacalcio!$C:$C, 0)), 0) -> 0 | G206: =IFERROR(INDEX(Fantacalcio!I:I, MATCH($A206, Fantacalcio!$C:$C, 0)), 0) -> 0 | H206: =IFERROR(INDEX(Fantacalcio!J:J, MATCH($A206, Fantacalcio!$C:$C, 0)), 0) -> 0 | I206: =IFERROR(INDEX(Fantacalcio!K:K, MATCH($A206, Fantacalcio!$C:$C, 0)), 0) -> 0 | J206: =IFERROR(INDEX(Fantacalcio!L:L, MATCH($A206, Fantacalcio!$C:$C, 0)), 0) -> 0 | K206: =IFERROR(INDEX(Fantacalcio!M:M, MATCH($A206, Fantacalcio!$C:$C, 0)), 0) -> 0 | L206: =B206+(C206*3)-D206+(E206*3)-(F206*3)+(G206*3)-(H206*2)-(IF(I206=1, 0.5, 0))-J206+K206 -> 6
A207: Odenthal | B207: =IFERROR(INDEX(Fantacalcio!D:D, MATCH($A207, Fantacalcio!$C:$C, 0)), 0) -> 7 | C207: =IFERROR(INDEX(Fantacalcio!E:E, MATCH($A207, Fantacalcio!$C:$C, 0)), 0) -> 1 | D207: =IFERROR(INDEX(Fantacalcio!F:F, MATCH($A207, Fantacalcio!$C:$C, 0)), 0) -> 0 | E207: =IFERROR(INDEX(Fantacalcio!G:G, MATCH($A207, Fantacalcio!$C:$C, 0)), 0) -> 0 | F207: =IFERROR(INDEX(Fantacalcio!H:H, MATCH($A207, Fantacalcio!$C:$C, 0)), 0) -> 0 | G207: =IFERROR(INDEX(Fantacalcio!I:I, MATCH($A207, Fantacalcio!$C:$C, 0)), 0) -> 0 | H207: =IFERROR(INDEX(Fantacalcio!J:J, MATCH($A207, Fantacalcio!$C:$C, 0)), 0) -> 0 | I207: =IFERROR(INDEX(Fantacalcio!K:K, MATCH($A207, Fantacalcio!$C:$C, 0)), 0) -> 0 | J207: =IFERROR(INDEX(Fantacalcio!L:L, MATCH($A207, Fantacalcio!$C:$C, 0)), 0) -> 0 | K207: =IFERROR(INDEX(Fantacalcio!M:M, MATCH($A207, Fantacalcio!$C:$C, 0)), 0) -> 0 | L207: =B207+(C207*3)-D207+(E207*3)-(F207*3)+(G207*3)-(H207*2)-(IF(I207=1, 0.5, 0))-J207+K207 -> 10
A208: Favasuli | B208: =IFERROR(INDEX(Fantacalcio!D:D, MATCH($A208, Fantacalcio!$C:$C, 0)), 0) -> 0 | C208: =IFERROR(INDEX(Fantacalcio!E:E, MATCH($A208, Fantacalcio!$C:$C, 0)), 0) -> 0 | D208: =IFERROR(INDEX(Fantacalcio!F:F, MATCH($A208, Fantacalcio!$C:$C, 0)), 0) -> 0 | E208: =IFERROR(INDEX(Fantacalcio!G:G, MATCH($A208, Fantacalcio!$C:$C, 0)), 0) -> 0 | F208: =IFERROR(INDEX(Fantacalcio!H:H, MATCH($A208, Fantacalcio!$C:$C, 0)), 0) -> 0 | G208: =IFERROR(INDEX(Fantacalcio!I:I, MATCH($A208, Fantacalcio!$C:$C, 0)), 0) -> 0 | H208: =IFERROR(INDEX(Fantacalcio!J:J, MATCH($A208, Fantacalcio!$C:$C, 0)), 0) -> 0 | I208: =IFERROR(INDEX(Fantacalcio!K:K, MATCH($A208, Fantacalcio!$C:$C, 0)), 0) -> 0 | J208: =IFERROR(INDEX(Fantacalcio!L:L, MATCH($A208, Fantacalcio!$C:$C, 0)), 0) -> 0 | K208: =IFERROR(INDEX(Fantacalcio!M:M, MATCH($A208, Fantacalcio!$C:$C, 0)), 0) -> 0 | L208: =B208+(C208*3)-D208+(E208*3)-(F208*3)+(G208*3)-(H208*2)-(IF(I208=1, 0.5, 0))-J208+K208 -> 0
A209: Lulli | B209: 6 | C209: =IFERROR(INDEX(Fantacalcio!E:E, MATCH($A209, Fantacalcio!$C:$C, 0)), 0) -> 0 | D209: =IFERROR(INDEX(Fantacalcio!F:F, MATCH($A209, Fantacalcio!$C:$C, 0)), 0) -> 0 | E209: =IFERROR(INDEX(Fantacalcio!G:G, MATCH($A209, Fantacalcio!$C:$C, 0)), 0) -> 0 | F209: =IFERROR(INDEX(Fantacalcio!H:H, MATCH($A209, Fantacalcio!$C:$C, 0)), 0) -> 0 | G209: =IFERROR(INDEX(Fantacalcio!I:I, MATCH($A209, Fantacalcio!$C:$C, 0)), 0) -> 0 | H209: =IFERROR(INDEX(Fantacalcio!J:J, MATCH($A209, Fantacalcio!$C:$C, 0)), 0) -> 0 | I209: =IFERROR(INDEX(Fantacalcio!K:K, MATCH($A209, Fantacalcio!$C:$C, 0)), 0) -> 0 | J209: =IFERROR(INDEX(Fantacalcio!L:L, MATCH($A209, Fantacalcio!$C:$C, 0)), 0) -> 0 | K209: =IFERROR(INDEX(Fantacalcio!M:M, MATCH($A209, Fantacalcio!$C:$C, 0)), 0) -> 0 | L209: =B209+(C209*3)-D209+(E209*3)-(F209*3)+(G209*3)-(H209*2)-(IF(I209=1, 0.5, 0))-J209+K209 -> 6
A210: Tchato | B210: =IFERROR(INDEX(Fantacalcio!D:D, MATCH($A210, Fantacalcio!$C:$C, 0)), 0) -> 0 | C210: =IFERROR(INDEX(Fantacalcio!E:E, MATCH($A210, Fantacalcio!$C:$C, 0)), 0) -> 0 | D210: =IFERROR(INDEX(Fantacalcio!F:F, MATCH($A210, Fantacalcio!$C:$C, 0)), 0) -> 0 | E210: =IFERROR(INDEX(Fantacalcio!G:G, MATCH($A210, Fantacalcio!$C:$C, 0)), 0) -> 0 | F210: =IFERROR(INDEX(Fantacalcio!H:H, MATCH($A210, Fantacalcio!$C:$C, 0)), 0) -> 0 | G210: =IFERROR(INDEX(Fantacalcio!I:I, MATCH($A210, Fantacalcio!$C:$C, 0)), 0) -> 0 | H210: =IFERROR(INDEX(Fantacalcio!J:J, MATCH($A210, Fantacalcio!$C:$C, 0)), 0) -> 0 | I210: =IFERROR(INDEX(Fantacalcio!K:K, MATCH($A210, Fantacalcio!$C:$C, 0)), 0) -> 0 | J210: =IFERROR(INDEX(Fantacalcio!L:L, MATCH($A210, Fantacalcio!$C:$C, 0)), 0) -> 0 | K210: =IFERROR(INDEX(Fantacalcio!M:M, MATCH($A210, Fantacalcio!$C:$C, 0)), 0) -> 0 | L210: =B210+(C210*3)-D210+(E210*3)-(F210*3)+(G210*3)-(H210*2)-(IF(I210=1, 0.5, 0))-J210+K210 -> 0
A211: Kambwala | B211: =IFERROR(INDEX(Fantacalcio!D:D, MATCH($A211, Fantacalcio!$C:$C, 0)), 0) -> 0 | C211: =IFERROR(INDEX(Fantacalcio!E:E, MATCH($A211, Fantacalcio!$C:$C, 0)), 0) -> 0 | D211: =IFERROR(INDEX(Fantacalcio!F:F, MATCH($A211, Fantacalcio!$C:$C, 0)), 0) -> 0 | E211: =IFERROR(INDEX(Fantacalcio!G:G, MATCH($A211, Fantacalcio!$C:$C, 0)), 0) -> 0 | F211: =IFERROR(INDEX(Fantacalcio!H:H, MATCH($A211, Fantacalcio!$C:$C, 0)), 0) -> 0 | G211: =IFERROR(INDEX(Fantacalcio!I:I, MATCH($A211, Fantacalcio!$C:$C, 0)), 0) -> 0 | H211: =IFERROR(INDEX(Fantacalcio!J:J, MATCH($A211, Fantacalcio!$C:$C, 0)), 0) -> 0 | I211: =IFERROR(INDEX(Fantacalcio!K:K, MATCH($A211, Fantacalcio!$C:$C, 0)), 0) -> 0 | J211: =IFERROR(INDEX(Fantacalcio!L:L, MATCH($A211, Fantacalcio!$C:$C, 0)), 0) -> 0 | K211: =IFERROR(INDEX(Fantacalcio!M:M, MATCH($A211, Fantacalcio!$C:$C, 0)), 0) -> 0 | L211: =B211+(C211*3)-D211+(E211*3)-(F211*3)+(G211*3)-(H211*2)-(IF(I211=1, 0.5, 0))-J211+K211 -> 0
A212: Drameh | B212: =IFERROR(INDEX(Fantacalcio!D:D, MATCH($A212, Fantacalcio!$C:$C, 0)), 0) -> 0 | C212: =IFERROR(INDEX(Fantacalcio!E:E, MATCH($A212, Fantacalcio!$C:$C, 0)), 0) -> 0 | D212: =IFERROR(INDEX(Fantacalcio!F:F, MATCH($A212, Fantacalcio!$C:$C, 0)), 0) -> 0 | E212: =IFERROR(INDEX(Fantacalcio!G:G, MATCH($A212, Fantacalcio!$C:$C, 0)), 0) -> 0 | F212: =IFERROR(INDEX(Fantacalcio!H:H, MATCH($A212, Fantacalcio!$C:$C, 0)), 0) -> 0 | G212: =IFERROR(INDEX(Fantacalcio!I:I, MATCH($A212, Fantacalcio!$C:$C, 0)), 0) -> 0 | H212: =IFERROR(INDEX(Fantacalcio!J:J, MATCH($A212, Fantacalcio!$C:$C, 0)), 0) -> 0 | I212: =IFERROR(INDEX(Fantacalcio!K:K, MATCH($A212, Fantacalcio!$C:$C, 0)), 0) -> 0 | J212: =IFERROR(INDEX(Fantacalcio!L:L, MATCH($A212, Fantacalcio!$C:$C, 0)), 0) -> 0 | K212: =IFERROR(INDEX(Fantacalcio!M:M, MATCH($A212, Fantacalcio!$C:$C, 0)), 0) -> 0 | L212: =B212+(C212*3)-D212+(E212*3)-(F212*3)+(G212*3)-(H212*2)-(IF(I212=1, 0.5, 0))-J212+K212 -> 0
A213: Casale | B213: =IFERROR(INDEX(Fantacalcio!D:D, MATCH($A213, Fantacalcio!$C:$C, 0)), 0) -> 6.5 | C213: =IFERROR(INDEX(Fantacalcio!E:E, MATCH($A213, Fantacalcio!$C:$C, 0)), 0) -> 0 | D213: =IFERROR(INDEX(Fantacalcio!F:F, MATCH($A213, Fantacalcio!$C:$C, 0)), 0) -> 0 | E213: =IFERROR(INDEX(Fantacalcio!G:G, MATCH($A213, Fantacalcio!$C:$C, 0)), 0) -> 0 | F213: =IFERROR(INDEX(Fantacalcio!H:H, MATCH($A213, Fantacalcio!$C:$C, 0)), 0) -> 0 | G213: =IFERROR(INDEX(Fantacalcio!I:I, MATCH($A213, Fantacalcio!$C:$C, 0)), 0) -> 0 | H213: =IFERROR(INDEX(Fantacalcio!J:J, MATCH($A213, Fantacalcio!$C:$C, 0)), 0) -> 0 | I213: =IFERROR(INDEX(Fantacalcio!K:K, MATCH($A213, Fantacalcio!$C:$C, 0)), 0) -> 0 | J213: =IFERROR(INDEX(Fantacalcio!L:L, MATCH($A213, Fantacalcio!$C:$C, 0)), 0) -> 0 | K213: =IFERROR(INDEX(Fantacalcio!M:M, MATCH($A213, Fantacalcio!$C:$C, 0)), 0) -> 0 | L213: =B213+(C213*3)-D213+(E213*3)-(F213*3)+(G213*3)-(H213*2)-(IF(I213=1, 0.5, 0))-J213+K213 -> 6.5
A214: Alhassane | B214: 6 | C214: =IFERROR(INDEX(Fantacalcio!E:E, MATCH($A214, Fantacalcio!$C:$C, 0)), 0) -> 0 | D214: =IFERROR(INDEX(Fantacalcio!F:F, MATCH($A214, Fantacalcio!$C:$C, 0)), 0) -> 0 | E214: =IFERROR(INDEX(Fantacalcio!G:G, MATCH($A214, Fantacalcio!$C:$C, 0)), 0) -> 0 | F214: =IFERROR(INDEX(Fantacalcio!H:H, MATCH($A214, Fantacalcio!$C:$C, 0)), 0) -> 0 | G214: =IFERROR(INDEX(Fantacalcio!I:I, MATCH($A214, Fantacalcio!$C:$C, 0)), 0) -> 0 | H214: =IFERROR(INDEX(Fantacalcio!J:J, MATCH($A214, Fantacalcio!$C:$C, 0)), 0) -> 0 | I214: =IFERROR(INDEX(Fantacalcio!K:K, MATCH($A214, Fantacalcio!$C:$C, 0)), 0) -> 0 | J214: =IFERROR(INDEX(Fantacalcio!L:L, MATCH($A214, Fantacalcio!$C:$C, 0)), 0) -> 0 | K214: =IFERROR(INDEX(Fantacalcio!M:M, MATCH($A214, Fantacalcio!$C:$C, 0)), 0) -> 0 | L214: =B214+(C214*3)-D214+(E214*3)-(F214*3)+(G214*3)-(H214*2)-(IF(I214=1, 0.5, 0))-J214+K214 -> 6
A215: Idrissi R. | B215: =IFERROR(INDEX(Fantacalcio!D:D, MATCH($A215, Fantacalcio!$C:$C, 0)), 0) -> 0 | C215: =IFERROR(INDEX(Fantacalcio!E:E, MATCH($A215, Fantacalcio!$C:$C, 0)), 0) -> 0 | D215: =IFERROR(INDEX(Fantacalcio!F:F, MATCH($A215, Fantacalcio!$C:$C, 0)), 0) -> 0 | E215: =IFERROR(INDEX(Fantacalcio!G:G, MATCH($A215, Fantacalcio!$C:$C, 0)), 0) -> 0 | F215: =IFERROR(INDEX(Fantacalcio!H:H, MATCH($A215, Fantacalcio!$C:$C, 0)), 0) -> 0 | G215: =IFERROR(INDEX(Fantacalcio!I:I, MATCH($A215, Fantacalcio!$C:$C, 0)), 0) -> 0 | H215: =IFERROR(INDEX(Fantacalcio!J:J, MATCH($A215, Fantacalcio!$C:$C, 0)), 0) -> 0 | I215: =IFERROR(INDEX(Fantacalcio!K:K, MATCH($A215, Fantacalcio!$C:$C, 0)), 0) -> 0 | J215: =IFERROR(INDEX(Fantacalcio!L:L, MATCH($A215, Fantacalcio!$C:$C, 0)), 0) -> 0 | K215: =IFERROR(INDEX(Fantacalcio!M:M, MATCH($A215, Fantacalcio!$C:$C, 0)), 0) -> 0 | L215: =B215+(C215*3)-D215+(E215*3)-(F215*3)+(G215*3)-(H215*2)-(IF(I215=1, 0.5, 0))-J215+K215 -> 0
A216: Ranieri L. | B216: =IFERROR(INDEX(Fantacalcio!D:D, MATCH($A216, Fantacalcio!$C:$C, 0)), 0) -> 5 | C216: =IFERROR(INDEX(Fantacalcio!E:E, MATCH($A216, Fantacalcio!$C:$C, 0)), 0) -> 0 | D216: =IFERROR(INDEX(Fantacalcio!F:F, MATCH($A216, Fantacalcio!$C:$C, 0)), 0) -> 0 | E216: =IFERROR(INDEX(Fantacalcio!G:G, MATCH($A216, Fantacalcio!$C:$C, 0)), 0) -> 0 | F216: =IFERROR(INDEX(Fantacalcio!H:H, MATCH($A216, Fantacalcio!$C:$C, 0)), 0) -> 0 | G216: =IFERROR(INDEX(Fantacalcio!I:I, MATCH($A216, Fantacalcio!$C:$C, 0)), 0) -> 0 | H216: =IFERROR(INDEX(Fantacalcio!J:J, MATCH($A216, Fantacalcio!$C:$C, 0)), 0) -> 0 | I216: =IFERROR(INDEX(Fantacalcio!K:K, MATCH($A216, Fantacalcio!$C:$C, 0)), 0) -> 1 | J216: =IFERROR(INDEX(Fantacalcio!L:L, MATCH($A216, Fantacalcio!$C:$C, 0)), 0) -> 0 | K216: =IFERROR(INDEX(Fantacalcio!M:M, MATCH($A216, Fantacalcio!$C:$C, 0)), 0) -> 0 | L216: =B216+(C216*3)-D216+(E216*3)-(F216*3)+(G216*3)-(H216*2)-(IF(I216=1, 0.5, 0))-J216+K216 -> 4.5
A217: Akpoguma | B217: =IFERROR(INDEX(Fantacalcio!D:D, MATCH($A217, Fantacalcio!$C:$C, 0)), 0) -> 0 | C217: =IFERROR(INDEX(Fantacalcio!E:E, MATCH($A217, Fantacalcio!$C:$C, 0)), 0) -> 0 | D217: =IFERROR(INDEX(Fantacalcio!F:F, MATCH($A217, Fantacalcio!$C:$C, 0)), 0) -> 0 | E217: =IFERROR(INDEX(Fantacalcio!G:G, MATCH($A217, Fantacalcio!$C:$C, 0)), 0) -> 0 | F217: =IFERROR(INDEX(Fantacalcio!H:H, MATCH($A217, Fantacalcio!$C:$C, 0)), 0) -> 0 | G217: =IFERROR(INDEX(Fantacalcio!I:I, MATCH($A217, Fantacalcio!$C:$C, 0)), 0) -> 0 | H217: =IFERROR(INDEX(Fantacalcio!J:J, MATCH($A217, Fantacalcio!$C:$C, 0)), 0) -> 0 | I217: =IFERROR(INDEX(Fantacalcio!K:K, MATCH($A217, Fantacalcio!$C:$C, 0)), 0) -> 0 | J217: =IFERROR(INDEX(Fantacalcio!L:L, MATCH($A217, Fantacalcio!$C:$C, 0)), 0) -> 0 | K217: =IFERROR(INDEX(Fantacalcio!M:M, MATCH($A217, Fantacalcio!$C:$C, 0)), 0) -> 0 | L217: =B217+(C217*3)-D217+(E217*3)-(F217*3)+(G217*3)-(H217*2)-(IF(I217=1, 0.5, 0))-J217+K217 -> 0
A218: Otoa | B218: =IFERROR(INDEX(Fantacalcio!D:D, MATCH($A218, Fantacalcio!$C:$C, 0)), 0) -> 6 | C218: =IFERROR(INDEX(Fantacalcio!E:E, MATCH($A218, Fantacalcio!$C:$C, 0)), 0) -> 0 | D218: =IFERROR(INDEX(Fantacalcio!F:F, MATCH($A218, Fantacalcio!$C:$C, 0)), 0) -> 0 | E218: =IFERROR(INDEX(Fantacalcio!G:G, MATCH($A218, Fantacalcio!$C:$C, 0)), 0) -> 0 | F218: =IFERROR(INDEX(Fantacalcio!H:H, MATCH($A218, Fantacalcio!$C:$C, 0)), 0) -> 0 | G218: =IFERROR(INDEX(Fantacalcio!I:I, MATCH($A218, Fantacalcio!$C:$C, 0)), 0) -> 0 | H218: =IFERROR(INDEX(Fantacalcio!J:J, MATCH($A218, Fantacalcio!$C:$C, 0)), 0) -> 0 | I218: =IFERROR(INDEX(Fantacalcio!K:K, MATCH($A218, Fantacalcio!$C:$C, 0)), 0) -> 0 | J218: =IFERROR(INDEX(Fantacalcio!L:L, MATCH($A218, Fantacalcio!$C:$C, 0)), 0) -> 0 | K218: =IFERROR(INDEX(Fantacalcio!M:M, MATCH($A218, Fantacalcio!$C:$C, 0)), 0) -> 0 | L218: =B218+(C218*3)-D218+(E218*3)-(F218*3)+(G218*3)-(H218*2)-(IF(I218=1, 0.5, 0))-J218+K218 -> 6
A219: Sabelli | B219: 6 | C219: =IFERROR(INDEX(Fantacalcio!E:E, MATCH($A219, Fantacalcio!$C:$C, 0)), 0) -> 0 | D219: =IFERROR(INDEX(Fantacalcio!F:F, MATCH($A219, Fantacalcio!$C:$C, 0)), 0) -> 0 | E219: =IFERROR(INDEX(Fantacalcio!G:G, MATCH($A219, Fantacalcio!$C:$C, 0)), 0) -> 0 | F219: =IFERROR(INDEX(Fantacalcio!H:H, MATCH($A219, Fantacalcio!$C:$C, 0)), 0) -> 0 | G219: =IFERROR(INDEX(Fantacalcio!I:I, MATCH($A219, Fantacalcio!$C:$C, 0)), 0) -> 0 | H219: =IFERROR(INDEX(Fantacalcio!J:J, MATCH($A219, Fantacalcio!$C:$C, 0)), 0) -> 0 | I219: =IFERROR(INDEX(Fantacalcio!K:K, MATCH($A219, Fantacalcio!$C:$C, 0)), 0) -> 1 | J219: =IFERROR(INDEX(Fantacalcio!L:L, MATCH($A219, Fantacalcio!$C:$C, 0)), 0) -> 0 | K219: =IFERROR(INDEX(Fantacalcio!M:M, MATCH($A219, Fantacalcio!$C:$C, 0)), 0) -> 0 | L219: =B219+(C219*3)-D219+(E219*3)-(F219*3)+(G219*3)-(H219*2)-(IF(I219=1, 0.5, 0))-J219+K219 -> 5.5
A220: Marin R. | B220: =IFERROR(INDEX(Fantacalcio!D:D, MATCH($A220, Fantacalcio!$C:$C, 0)), 0) -> 6.5 | C220: =IFERROR(INDEX(Fantacalcio!E:E, MATCH($A220, Fantacalcio!$C:$C, 0)), 0) -> 0 | D220: =IFERROR(INDEX(Fantacalcio!F:F, MATCH($A220, Fantacalcio!$C:$C, 0)), 0) -> 0 | E220: =IFERROR(INDEX(Fantacalcio!G:G, MATCH($A220, Fantacalcio!$C:$C, 0)), 0) -> 0 | F220: =IFERROR(INDEX(Fantacalcio!H:H, MATCH($A220, Fantacalcio!$C:$C, 0)), 0) -> 0 | G220: =IFERROR(INDEX(Fantacalcio!I:I, MATCH($A220, Fantacalcio!$C:$C, 0)), 0) -> 0 | H220: =IFERROR(INDEX(Fantacalcio!J:J, MATCH($A220, Fantacalcio!$C:$C, 0)), 0) -> 0 | I220: =IFERROR(INDEX(Fantacalcio!K:K, MATCH($A220, Fantacalcio!$C:$C, 0)), 0) -> 0 | J220: =IFERROR(INDEX(Fantacalcio!L:L, MATCH($A220, Fantacalcio!$C:$C, 0)), 0) -> 0 | K220: =IFERROR(INDEX(Fantacalcio!M:M, MATCH($A220, Fantacalcio!$C:$C, 0)), 0) -> 0 | L220: =B220+(C220*3)-D220+(E220*3)-(F220*3)+(G220*3)-(H220*2)-(IF(I220=1, 0.5, 0))-J220+K220 -> 6.5
A221: Candè | B221: =IFERROR(INDEX(Fantacalcio!D:D, MATCH($A221, Fantacalcio!$C:$C, 0)), 0) -> 0 | C221: =IFERROR(INDEX(Fantacalcio!E:E, MATCH($A221, Fantacalcio!$C:$C, 0)), 0) -> 0 | D221: =IFERROR(INDEX(Fantacalcio!F:F, MATCH($A221, Fantacalcio!$C:$C, 0)), 0) -> 0 | E221: =IFERROR(INDEX(Fantacalcio!G:G, MATCH($A221, Fantacalcio!$C:$C, 0)), 0) -> 0 | F221: =IFERROR(INDEX(Fantacalcio!H:H, MATCH($A221, Fantacalcio!$C:$C, 0)), 0) -> 0 | G221: =IFERROR(INDEX(Fantacalcio!I:I, MATCH($A221, Fantacalcio!$C:$C, 0)), 0) -> 0 | H221: =IFERROR(INDEX(Fantacalcio!J:J, MATCH($A221, Fantacalcio!$C:$C, 0)), 0) -> 0 | I221: =IFERROR(INDEX(Fantacalcio!K:K, MATCH($A221, Fantacalcio!$C:$C, 0)), 0) -> 0 | J221: =IFERROR(INDEX(Fantacalcio!L:L, MATCH($A221, Fantacalcio!$C:$C, 0)), 0) -> 0 | K221: =IFERROR(INDEX(Fantacalcio!M:M, MATCH($A221, Fantacalcio!$C:$C, 0)), 0) -> 0 | L221: =B221+(C221*3)-D221+(E221*3)-(F221*3)+(G221*3)-(H221*2)-(IF(I221=1, 0.5, 0))-J221+K221 -> 0
A222: Palma | B222: =IFERROR(INDEX(Fantacalcio!D:D, MATCH($A222, Fantacalcio!$C:$C, 0)), 0) -> 0 | C222: =IFERROR(INDEX(Fantacalcio!E:E, MATCH($A222, Fantacalcio!$C:$C, 0)), 0) -> 0 | D222: =IFERROR(INDEX(Fantacalcio!F:F, MATCH($A222, Fantacalcio!$C:$C, 0)), 0) -> 0 | E222: =IFERROR(INDEX(Fantacalcio!G:G, MATCH($A222, Fantacalcio!$C:$C, 0)), 0) -> 0 | F222: =IFERROR(INDEX(Fantacalcio!H:H, MATCH($A222, Fantacalcio!$C:$C, 0)), 0) -> 0 | G222: =IFERROR(INDEX(Fantacalcio!I:I, MATCH($A222, Fantacalcio!$C:$C, 0)), 0) -> 0 | H222: =IFERROR(INDEX(Fantacalcio!J:J, MATCH($A222, Fantacalcio!$C:$C, 0)), 0) -> 0 | I222: =IFERROR(INDEX(Fantacalcio!K:K, MATCH($A222, Fantacalcio!$C:$C, 0)), 0) -> 0 | J222: =IFERROR(INDEX(Fantacalcio!L:L, MATCH($A222, Fantacalcio!$C:$C, 0)), 0) -> 0 | K222: =IFERROR(INDEX(Fantacalcio!M:M, MATCH($A222, Fantacalcio!$C:$C, 0)), 0) -> 0 | L222: =B222+(C222*3)-D222+(E222*3)-(F222*3)+(G222*3)-(H222*2)-(IF(I222=1, 0.5, 0))-J222+K222 -> 0
A223: Sverko | B223: =IFERROR(INDEX(Fantacalcio!D:D, MATCH($A223, Fantacalcio!$C:$C, 0)), 0) -> 0 | C223: =IFERROR(INDEX(Fantacalcio!E:E, MATCH($A223, Fantacalcio!$C:$C, 0)), 0) -> 0 | D223: =IFERROR(INDEX(Fantacalcio!F:F, MATCH($A223, Fantacalcio!$C:$C, 0)), 0) -> 0 | E223: =IFERROR(INDEX(Fantacalcio!G:G, MATCH($A223, Fantacalcio!$C:$C, 0)), 0) -> 0 | F223: =IFERROR(INDEX(Fantacalcio!H:H, MATCH($A223, Fantacalcio!$C:$C, 0)), 0) -> 0 | G223: =IFERROR(INDEX(Fantacalcio!I:I, MATCH($A223, Fantacalcio!$C:$C, 0)), 0) -> 0 | H223: =IFERROR(INDEX(Fantacalcio!J:J, MATCH($A223, Fantacalcio!$C:$C, 0)), 0) -> 0 | I223: =IFERROR(INDEX(Fantacalcio!K:K, MATCH($A223, Fantacalcio!$C:$C, 0)), 0) -> 0 | J223: =IFERROR(INDEX(Fantacalcio!L:L, MATCH($A223, Fantacalcio!$C:$C, 0)), 0) -> 0 | K223: =IFERROR(INDEX(Fantacalcio!M:M, MATCH($A223, Fantacalcio!$C:$C, 0)), 0) -> 0 | L223: =B223+(C223*3)-D223+(E223*3)-(F223*3)+(G223*3)-(H223*2)-(IF(I223=1, 0.5, 0))-J223+K223 -> 0
A224: Franjic | B224: =IFERROR(INDEX(Fantacalcio!D:D, MATCH($A224, Fantacalcio!$C:$C, 0)), 0) -> 0 | C224: =IFERROR(INDEX(Fantacalcio!E:E, MATCH($A224, Fantacalcio!$C:$C, 0)), 0) -> 0 | D224: =IFERROR(INDEX(Fantacalcio!F:F, MATCH($A224, Fantacalcio!$C:$C, 0)), 0) -> 0 | E224: =IFERROR(INDEX(Fantacalcio!G:G, MATCH($A224, Fantacalcio!$C:$C, 0)), 0) -> 0 | F224: =IFERROR(INDEX(Fantacalcio!H:H, MATCH($A224, Fantacalcio!$C:$C, 0)), 0) -> 0 | G224: =IFERROR(INDEX(Fantacalcio!I:I, MATCH($A224, Fantacalcio!$C:$C, 0)), 0) -> 0 | H224: =IFERROR(INDEX(Fantacalcio!J:J, MATCH($A224, Fantacalcio!$C:$C, 0)), 0) -> 0 | I224: =IFERROR(INDEX(Fantacalcio!K:K, MATCH($A224, Fantacalcio!$C:$C, 0)), 0) -> 0 | J224: =IFERROR(INDEX(Fantacalcio!L:L, MATCH($A224, Fantacalcio!$C:$C, 0)), 0) -> 0 | K224: =IFERROR(INDEX(Fantacalcio!M:M, MATCH($A224, Fantacalcio!$C:$C, 0)), 0) -> 0 | L224: =B224+(C224*3)-D224+(E224*3)-(F224*3)+(G224*3)-(H224*2)-(IF(I224=1, 0.5, 0))-J224+K224 -> 0
A225: Goglichidze | B225: =IFERROR(INDEX(Fantacalcio!D:D, MATCH($A225, Fantacalcio!$C:$C, 0)), 0) -> 6.5 | C225: =IFERROR(INDEX(Fantacalcio!E:E, MATCH($A225, Fantacalcio!$C:$C, 0)), 0) -> 1 | D225: =IFERROR(INDEX(Fantacalcio!F:F, MATCH($A225, Fantacalcio!$C:$C, 0)), 0) -> 0 | E225: =IFERROR(INDEX(Fantacalcio!G:G, MATCH($A225, Fantacalcio!$C:$C, 0)), 0) -> 0 | F225: =IFERROR(INDEX(Fantacalcio!H:H, MATCH($A225, Fantacalcio!$C:$C, 0)), 0) -> 0 | G225: =IFERROR(INDEX(Fantacalcio!I:I, MATCH($A225, Fantacalcio!$C:$C, 0)), 0) -> 0 | H225: =IFERROR(INDEX(Fantacalcio!J:J, MATCH($A225, Fantacalcio!$C:$C, 0)), 0) -> 0 | I225: =IFERROR(INDEX(Fantacalcio!K:K, MATCH($A225, Fantacalcio!$C:$C, 0)), 0) -> 0 | J225: =IFERROR(INDEX(Fantacalcio!L:L, MATCH($A225, Fantacalcio!$C:$C, 0)), 0) -> 0 | K225: =IFERROR(INDEX(Fantacalcio!M:M, MATCH($A225, Fantacalcio!$C:$C, 0)), 0) -> 0 | L225: =B225+(C225*3)-D225+(E225*3)-(F225*3)+(G225*3)-(H225*2)-(IF(I225=1, 0.5, 0))-J225+K225 -> 9.5
A226: Drobnic | B226: =IFERROR(INDEX(Fantacalcio!D:D, MATCH($A226, Fantacalcio!$C:$C, 0)), 0) -> 0 | C226: =IFERROR(INDEX(Fantacalcio!E:E, MATCH($A226, Fantacalcio!$C:$C, 0)), 0) -> 0 | D226: =IFERROR(INDEX(Fantacalcio!F:F, MATCH($A226, Fantacalcio!$C:$C, 0)), 0) -> 0 | E226: =IFERROR(INDEX(Fantacalcio!G:G, MATCH($A226, Fantacalcio!$C:$C, 0)), 0) -> 0 | F226: =IFERROR(INDEX(Fantacalcio!H:H, MATCH($A226, Fantacalcio!$C:$C, 0)), 0) -> 0 | G226: =IFERROR(INDEX(Fantacalcio!I:I, MATCH($A226, Fantacalcio!$C:$C, 0)), 0) -> 0 | H226: =IFERROR(INDEX(Fantacalcio!J:J, MATCH($A226, Fantacalcio!$C:$C, 0)), 0) -> 0 | I226: =IFERROR(INDEX(Fantacalcio!K:K, MATCH($A226, Fantacalcio!$C:$C, 0)), 0) -> 0 | J226: =IFERROR(INDEX(Fantacalcio!L:L, MATCH($A226, Fantacalcio!$C:$C, 0)), 0) -> 0 | K226: =IFERROR(INDEX(Fantacalcio!M:M, MATCH($A226, Fantacalcio!$C:$C, 0)), 0) -> 0 | L226: =B226+(C226*3)-D226+(E226*3)-(F226*3)+(G226*3)-(H226*2)-(IF(I226=1, 0.5, 0))-J226+K226 -> 0
A227: De Silvestri | B227: =IFERROR(INDEX(Fantacalcio!D:D, MATCH($A227, Fantacalcio!$C:$C, 0)), 0) -> 0 | C227: =IFERROR(INDEX(Fantacalcio!E:E, MATCH($A227, Fantacalcio!$C:$C, 0)), 0) -> 0 | D227: =IFERROR(INDEX(Fantacalcio!F:F, MATCH($A227, Fantacalcio!$C:$C, 0)), 0) -> 0 | E227: =IFERROR(INDEX(Fantacalcio!G:G, MATCH($A227, Fantacalcio!$C:$C, 0)), 0) -> 0 | F227: =IFERROR(INDEX(Fantacalcio!H:H, MATCH($A227, Fantacalcio!$C:$C, 0)), 0) -> 0 | G227: =IFERROR(INDEX(Fantacalcio!I:I, MATCH($A227, Fantacalcio!$C:$C, 0)), 0) -> 0 | H227: =IFERROR(INDEX(Fantacalcio!J:J, MATCH($A227, Fantacalcio!$C:$C, 0)), 0) -> 0 | I227: =IFERROR(INDEX(Fantacalcio!K:K, MATCH($A227, Fantacalcio!$C:$C, 0)), 0) -> 0 | J227: =IFERROR(INDEX(Fantacalcio!L:L, MATCH($A227, Fantacalcio!$C:$C, 0)), 0) -> 0 | K227: =IFERROR(INDEX(Fantacalcio!M:M, MATCH($A227, Fantacalcio!$C:$C, 0)), 0) -> 0 | L227: =B227+(C227*3)-D227+(E227*3)-(F227*3)+(G227*3)-(H227*2)-(IF(I227=1, 0.5, 0))-J227+K227 -> 0
A228: Goldaniga | B228: =IFERROR(INDEX(Fantacalcio!D:D, MATCH($A228, Fantacalcio!$C:$C, 0)), 0) -> 0 | C228: =IFERROR(INDEX(Fantacalcio!E:E, MATCH($A228, Fantacalcio!$C:$C, 0)), 0) -> 0 | D228: =IFERROR(INDEX(Fantacalcio!F:F, MATCH($A228, Fantacalcio!$C:$C, 0)), 0) -> 0 | E228: =IFERROR(INDEX(Fantacalcio!G:G, MATCH($A228, Fantacalcio!$C:$C, 0)), 0) -> 0 | F228: =IFERROR(INDEX(Fantacalcio!H:H, MATCH($A228, Fantacalcio!$C:$C, 0)), 0) -> 0 | G228: =IFERROR(INDEX(Fantacalcio!I:I, MATCH($A228, Fantacalcio!$C:$C, 0)), 0) -> 0 | H228: =IFERROR(INDEX(Fantacalcio!J:J, MATCH($A228, Fantacalcio!$C:$C, 0)), 0) -> 0 | I228: =IFERROR(INDEX(Fantacalcio!K:K, MATCH($A228, Fantacalcio!$C:$C, 0)), 0) -> 0 | J228: =IFERROR(INDEX(Fantacalcio!L:L, MATCH($A228, Fantacalcio!$C:$C, 0)), 0) -> 0 | K228: =IFERROR(INDEX(Fantacalcio!M:M, MATCH($A228, Fantacalcio!$C:$C, 0)), 0) -> 0 | L228: =B228+(C228*3)-D228+(E228*3)-(F228*3)+(G228*3)-(H228*2)-(IF(I228=1, 0.5, 0))-J228+K228 -> 0
...

Sheet Fantacalcio
A1: Atalanta
A2: Cod. | B2: Ruolo | C2: Nome | D2: Voto | E2: Gf | F2: Gs | G2: Rp | H2: Rs | I2: Rf | J2: Au | K2: Amm | L2: Esp | M2: Ass
A3: 4431 | B3: P | C3: Carnesecchi | D3: 6 | E3: 0 | F3: 1 | G3: 0 | H3: 0 | I3: 0 | J3: 0 | K3: 0 | L3: 0 | M3: 0
A4: 554 | B4: D | C4: Zappacosta | D4: 5.5 | E4: 0 | F4: 0 | G4: 0 | H4: 0 | I4: 0 | J4: 0 | K4: 0 | L4: 0 | M4: 0
A5: 2640 | B5: D | C5: Kolasinac | D5: 6 | E5: 0 | F5: 0 | G5: 0 | H5: 0 | I5: 0 | J5: 0 | K5: 0 | L5: 0 | M5: 0
A6: 4887 | B6: D | C6: Bellanova | D6: 7 | E6: 0 | F6: 0 | G6: 0 | H6: 0 | I6: 0 | J6: 0 | K6: 0 | L6: 0 | M6: 0
A7: 5526 | B7: D | C7: Scalvini | D7: 6 | E7: 0 | F7: 0 | G7: 0 | H7: 0 | I7: 0 | J7: 0 | K7: 0 | L7: 0 | M7: 0
A8: 6485 | B8: D | C8: Kristensen T. | D8: 6 | E8: 0 | F8: 0 | G8: 0 | H8: 0 | I8: 0 | J8: 0 | K8: 0 | L8: 0 | M8: 0
A9: 7219 | B9: D | C9: Bernasconi | D9: 6 | E9: 0 | F9: 0 | G9: 0 | H9: 0 | I9: 0 | J9: 0 | K9: 0 | L9: 0 | M9: 0
A10: 1850 | B10: C | C10: Kessiè | D10: 7 | E10: 1 | F10: 0 | G10: 0 | H10: 0 | I10: 0 | J10: 0 | K10: 0 | L10: 0 | M10: 0
A11: 4364 | B11: C | C11: Gaetano | D11: 6* | E11: 0 | F11: 0 | G11: 0 | H11: 0 | I11: 0 | J11: 0 | K11: 0 | L11: 0 | M11: 0
A12: 4479 | B12: C | C12: Elmas | D12: 5.5 | E12: 0 | F12: 0 | G12: 0 | H12: 0 | I12: 0 | J12: 0 | K12: 0 | L12: 1 | M12: 1
A13: 5119 | B13: C | C13: Samardzic | D13: 6 | E13: 0 | F13: 0 | G13: 0 | H13: 0 | I13: 0 | J13: 0 | K13: 0 | L13: 0 | M13: 0
A14: 5422 | B14: C | C14: Zalewski | D14: 6* | E14: 0 | F14: 0 | G14: 0 | H14: 0 | I14: 0 | J14: 0 | K14: 0 | L14: 0 | M14: 0
A15: 5792 | B15: C | C15: Ederson D.S. | D15: 6 | E15: 0 | F15: 0 | G15: 0 | H15: 0 | I15: 0 | J15: 0 | K15: 0 | L15: 0 | M15: 0
A16: 6844 | B16: C | C16: Rowe | D16: 6 | E16: 0 | F16: 0 | G16: 0 | H16: 0 | I16: 0 | J16: 0 | K16: 0 | L16: 0 | M16: 0
A17: 5995 | B17: A | C17: De Ketelaere | D17: 6 | E17: 0 | F17: 0 | G17: 0 | H17: 0 | I17: 0 | J17: 0 | K17: 0 | L17: 0 | M17: 0
A18: 6435 | B18: A | C18: Krstovic | D18: 8 | E18: 2 | F18: 0 | G18: 0 | H18: 0 | I18: 0 | J18: 0 | K18: 0 | L18: 0 | M18: 1
A19: 688 | B19: ALL | C19: Sarri | D19: 6.5 | E19: 0 | F19: 0 | G19: 0 | H19: 0 | I19: 0 | J19: 0 | K19: 0 | L19: 0 | M19: 0
A20: Bologna
A21: Cod. | B21: Ruolo | C21: Nome | D21: Voto | E21: Gf | F21: Gs | G21: Rp | H21: Rs | I21: Rf | J21: Au | K21: Amm | L21: Esp | M21: Ass
A22: 7172 | B22: P | C22: Pessina Mas. | D22: 5 | E22: 0 | F22: 1 | G22: 0 | H22: 0 | I22: 0 | J22: 0 | K22: 0 | L22: 0 | M22: 0
A23: 2525 | B23: D | C23: Darmian | D23: 6 | E23: 0 | F23: 0 | G23: 0 | H23: 0 | I23: 0 | J23: 0 | K23: 0 | L23: 0 | M23: 0
A24: 4433 | B24: D | C24: Zortea | D24: 6 | E24: 0 | F24: 0 | G24: 0 | H24: 0 | I24: 0 | J24: 0 | K24: 0 | L24: 0 | M24: 0
A25: 4734 | B25: D | C25: Miranda J. | D25: 6.5 | E25: 0 | F25: 0 | G25: 0 | H25: 0 | I25: 0 | J25: 0 | K25: 0 | L25: 0 | M25: 0
A26: 5498 | B26: D | C26: Casale | D26: 6.5 | E26: 0 | F26: 0 | G26: 0 | H26: 0 | I26: 0 | J26: 0 | K26: 0 | L26: 0 | M26: 0
A27: 7212 | B27: D | C27: Heggem | D27: 6 | E27: 0 | F27: 0 | G27: 0 | H27: 0 | I27: 0 | J27: 0 | K27: 1 | L27: 0 | M27: 0
A28: 7326 | B28: D | C28: Helland | D28: 6 | E28: 0 | F28: 0 | G28: 0 | H28: 0 | I28: 0 | J28: 0 | K28: 0 | L28: 0 | M28: 0
A29: 7483 | B29: D | C29: Alhassane | D29: 6* | E29: 0 | F29: 0 | G29: 0 | H29: 0 | I29: 0 | J29: 0 | K29: 0 | L29: 0 | M29: 0
A30: 184 | B30: C | C30: Bernardeschi | D30: 6* | E30: 0 | F30: 0 | G30: 0 | H30: 0 | I30: 0 | J30: 0 | K30: 0 | L30: 0 | M30: 0
A31: 2167 | B31: C | C31: Orsolini | D31: 7.5 | E31: 1 | F31: 0 | G31: 0 | H31: 0 | I31: 0 | J31: 0 | K31: 0 | L31: 0 | M31: 0
A32: 4436 | B32: C | C32: Cambiaghi | D32: 7 | E32: 0 | F32: 0 | G32: 0 | H32: 0 | I32: 0 | J32: 0 | K32: 0 | L32: 0 | M32: 2
A33: 5298 | B33: C | C33: Pobega | D33: 6.5 | E33: 0 | F33: 0 | G33: 0 | H33: 0 | I33: 0 | J33: 0 | K33: 0 | L33: 0 | M33: 0
A34: 5858 | B34: C | C34: Ferguson | D34: 6.5 | E34: 0 | F34: 0 | G34: 0 | H34: 0 | I34: 0 | J34: 0 | K34: 0 | L34: 0 | M34: 0
A35: 6225 | B35: C | C35: El Azzouzi O. | D35: 6 | E35: 0 | F35: 0 | G35: 0 | H35: 0 | I35: 0 | J35: 0 | K35: 1 | L35: 0 | M35: 0
A36: 4359 | B36: A | C36: Piccoli | D36: 6.5 | E36: 0 | F36: 0 | G36: 0 | H36: 0 | I36: 0 | J36: 0 | K36: 0 | L36: 0 | M36: 0
A37: 7627 | B37: A | C37: Enem | D37: 7 | E37: 1 | F37: 0 | G37: 0 | H37: 0 | I37: 0 | J37: 0 | K37: 0 | L37: 0 | M37: 0
A38: 1909 | B38: ALL | C38: Palladino | D38: 6.5 | E38: 0 | F38: 0 | G38: 0 | H38: 0 | I38: 0 | J38: 0 | K38: 0 | L38: 0 | M38: 0
A39: Cagliari
A40: Cod. | B40: Ruolo | C40: Nome | D40: Voto | E40: Gf | F40: Gs | G40: Rp | H40: Rs | I40: Rf | J40: Au | K40: Amm | L40: Esp | M40: Ass
A41: 4360 | B41: P | C41: Caprile | D41: 7 | E41: 0 | F41: 1 | G41: 0 | H41: 0 | I41: 0 | J41: 0 | K41: 0 | L41: 0 | M41: 0
A42: 4210 | B42: D | C42: Mina | D42: 6.5 | E42: 0 | F42: 0 | G42: 0 | H42: 0 | I42: 0 | J42: 0 | K42: 0 | L42: 0 | M42: 0
A43: 5701 | B43: D | C43: Obert | D43: 5.5 | E43: 0 | F43: 0 | G43: 0 | H43: 0 | I43: 0 | J43: 0 | K43: 0 | L43: 0 | M43: 0
A44: 7268 | B44: D | C44: Rodriguez Ju. | D44: 6 | E44: 0 | F44: 0 | G44: 0 | H44: 0 | I44: 0 | J44: 0 | K44: 1 | L44: 0 | M44: 0
A45: 7274 | B45: D | C45: Zè Pedro | D45: 6 | E45: 0 | F45: 0 | G45: 0 | H45: 0 | I45: 0 | J45: 0 | K45: 0 | L45: 0 | M45: 0
A46: 7621 | B46: D | C46: Sugawara | D46: 6 | E46: 0 | F46: 0 | G46: 0 | H46: 0 | I46: 0 | J46: 0 | K46: 0 | L46: 0 | M46: 0
A47: 1871 | B47: C | C47: Deiola | D47: 6 | E47: 0 | F47: 0 | G47: 0 | H47: 0 | I47: 0 | J47: 0 | K47: 1 | L47: 0 | M47: 0
A48: 4260 | B48: C | C48: Winks | D48: 6.5 | E48: 0 | F48: 0 | G48: 0 | H48: 0 | I48: 0 | J48: 0 | K48: 0 | L48: 0 | M48: 0
A49: 4870 | B49: C | C49: Adopo | D49: 6 | E49: 0 | F49: 0 | G49: 0 | H49: 0 | I49: 0 | J49: 0 | K49: 0 | L49: 0 | M49: 0
A50: 6010 | B50: C | C50: Fazzini | D50: 6* | E50: 0 | F50: 0 | G50: 0 | H50: 0 | I50: 0 | J50: 0 | K50: 0 | L50: 0 | M50: 0
A51: 6815 | B51: C | C51: Fadera | D51: 6 | E51: 0 | F51: 0 | G51: 0 | H51: 0 | I51: 0 | J51: 0 | K51: 0 | L51: 0 | M51: 0
A52: 7311 | B52: C | C52: Romano | D52: 6.5 | E52: 0 | F52: 0 | G52: 0 | H52: 0 | I52: 0 | J52: 0 | K52: 0 | L52: 0 | M52: 0
A53: 7579 | B53: C | C53: Massolin | D53: 6 | E53: 0 | F53: 0 | G53: 0 | H53: 0 | I53: 0 | J53: 0 | K53: 0 | L53: 0 | M53: 0
A54: 4896 | B54: A | C54: Maldini | D54: 7 | E54: 1 | F54: 0 | G54: 0 | H54: 0 | I54: 0 | J54: 0 | K54: 0 | L54: 0 | M54: 0
A55: 5336 | B55: A | C55: Nzola | D55: 6 | E55: 0 | F55: 0 | G55: 0 | H55: 0 | I55: 0 | J55: 0 | K55: 0 | L55: 0 | M55: 0
A56: 7374 | B56: A | C56: Mendy P. | D56: 7 | E56: 0 | F56: 0 | G56: 0 | H56: 0 | I56: 0 | J56: 0 | K56: 0 | L56: 0 | M56: 1
A57: 1869 | B57: ALL | C57: Pisacane | D57: 6.5 | E57: 0 | F57: 0 | G57: 0 | H57: 0 | I57: 0 | J57: 0 | K57: 0 | L57: 1 | M57: 0
A58: Como
A59: Cod. | B59: Ruolo | C59: Nome | D59: Voto | E59: Gf | F59: Gs | G59: Rp | H59: Rs | I59: Rf | J59: Au | K59: Amm | L59: Esp | M59: Ass
A60: 6966 | B60: P | C60: Butez | D60: 6 | E60: 0 | F60: 0 | G60: 0 | H60: 0 | I60: 0 | J60: 0 | K60: 0 | L60: 0 | M60: 0
A61: 5641 | B61: D | C61: Chalobah T. | D61: 6.5 | E61: 0 | F61: 0 | G61: 0 | H61: 0 | I61: 0 | J61: 0 | K61: 0 | L61: 0 | M61: 0
A62: 6727 | B62: D | C62: Couto | D62: 6 | E62: 0 | F62: 0 | G62: 0 | H62: 0 | I62: 0 | J62: 0 | K62: 0 | L62: 0 | M62: 0
A63: 6869 | B63: D | C63: Ramon | D63: 7 | E63: 0 | F63: 0 | G63: 0 | H63: 0 | I63: 0 | J63: 0 | K63: 0 | L63: 0 | M63: 0
A64: 6893 | B64: D | C64: Kempf | D64: 6* | E64: 0 | F64: 0 | G64: 0 | H64: 0 | I64: 0 | J64: 0 | K64: 0 | L64: 0 | M64: 0
A65: 7414 | B65: D | C65: Kaiki | D65: 6.5 | E65: 0 | F65: 0 | G65: 0 | H65: 0 | I65: 0 | J65: 0 | K65: 0 | L65: 0 | M65: 0
A66: 5036 | B66: C | C66: Caqueret | D66: 6 | E66: 0 | F66: 0 | G66: 0 | H66: 0 | I66: 0 | J66: 0 | K66: 0 | L66: 0 | M66: 0
A67: 5559 | B67: C | C67: Da Cunha | D67: 6.5 | E67: 0 | F67: 0 | G67: 0 | H67: 0 | I67: 0 | J67: 0 | K67: 0 | L67: 0 | M67: 0
A68: 6151 | B68: C | C68: Perrone | D68: 5.5 | E68: 0 | F68: 0 | G68: 0 | H68: 0 | I68: 0 | J68: 0 | K68: 0 | L68: 0 | M68: 0
A69: 6875 | B69: C | C69: Paz N. | D69: 6 | E69: 0 | F69: 0 | G69: 0 | H69: 0 | I69: 0 | J69: 0 | K69: 0 | L69: 0 | M69: 0
A70: 7126 | B70: C | C70: Baturina | D70: 5.5 | E70: 0 | F70: 0 | G70: 0 | H70: 0 | I70: 0 | J70: 0 | K70: 1 | L70: 0 | M70: 0
A71: 7127 | B71: C | C71: Addai | D71: 6* | E71: 0 | F71: 0 | G71: 0 | H71: 0 | I71: 0 | J71: 0 | K71: 0 | L71: 0 | M71: 0
A72: 7129 | B72: C | C72: Rodriguez Je. | D72: 6 | E72: 0 | F72: 0 | G72: 0 | H72: 0 | I72: 0 | J72: 0 | K72: 0 | L72: 0 | M72: 0
A73: 7412 | B73: C | C73: Milla | D73: 6* | E73: 0 | F73: 0 | G73: 0 | H73: 0 | I73: 0 | J73: 0 | K73: 0 | L73: 0 | M73: 0
A74: 6967 | B74: A | C74: Diao | D74: 6 | E74: 0 | F74: 0 | G74: 0 | H74: 0 | I74: 0 | J74: 0 | K74: 1 | L74: 0 | M74: 0
A75: 7017 | B75: A | C75: Douvikas | D75: 5.5 | E75: 0 | F75: 0 | G75: 0 | H75: 0 | I75: 0 | J75: 0 | K75: 0 | L75: 0 | M75: 0
A76: 2485 | B76: ALL | C76: Fabregas | D76: 6 | E76: 0 | F76: 0 | G76: 0 | H76: 0 | I76: 0 | J76: 0 | K76: 0 | L76: 0 | M76: 0
A77: Fiorentina
A78: Cod. | B78: Ruolo | C78: Nome | D78: Voto | E78: Gf | F78: Gs | G78: Rp | H78: Rs | I78: Rf | J78: Au | K78: Amm | L78: Esp | M78: Ass
A79: 2521 | B79: P | C79: De Gea | D79: 5.5 | E79: 0 | F79: 2 | G79: 0 | H79: 0 | I79: 0 | J79: 0 | K79: 0 | L79: 0 | M79: 0
A80: 4378 | B80: D | C80: Ranieri L. | D80: 5 | E80: 0 | F80: 0 | G80: 0 | H80: 0 | I80: 0 | J80: 0 | K80: 1 | L80: 0 | M80: 0
A81: 5365 | B81: D | C81: Dragusin | D81: 5 | E81: 0 | F81: 0 | G81: 0 | H81: 0 | I81: 0 | J81: 0 | K81: 0 | L81: 0 | M81: 0
A82: 5885 | B82: D | C82: Dodò | D82: 6* | E82: 0 | F82: 0 | G82: 0 | H82: 0 | I82: 0 | J82: 0 | K82: 0 | L82: 0 | M82: 0
A83: 6531 | B83: D | C83: Jimenez A. | D83: 6 | E83: 0 | F83: 0 | G83: 0 | H83: 0 | I83: 0 | J83: 0 | K83: 0 | L83: 0 | M83: 0
A84: 7294 | B84: D | C84: Valdepenas | D84: 5.5 | E84: 0 | F84: 0 | G84: 0 | H84: 0 | I84: 0 | J84: 0 | K84: 0 | L84: 0 | M84: 0
A85: 7410 | B85: D | C85: Viery | D85: 5.5 | E85: 0 | F85: 0 | G85: 0 | H85: 0 | I85: 0 | J85: 0 | K85: 1 | L85: 0 | M85: 0
A86: 4465 | B86: C | C86: Fagioli | D86: 5.5 | E86: 0 | F86: 0 | G86: 0 | H86: 0 | I86: 0 | J86: 0 | K86: 0 | L86: 0 | M86: 0
A87: 6294 | B87: C | C87: Ndour | D87: 5.5 | E87: 0 | F87: 0 | G87: 0 | H87: 0 | I87: 0 | J87: 0 | K87: 0 | L87: 0 | M87: 0
A88: 6827 | B88: C | C88: Njie | D88: 5.5 | E88: 0 | F88: 0 | G88: 0 | H88: 0 | I88: 0 | J88: 0 | K88: 0 | L88: 0 | M88: 0
A89: 7078 | B89: C | C89: Mastantuono | D89: 6 | E89: 0 | F89: 0 | G89: 0 | H89: 0 | I89: 0 | J89: 0 | K89: 0 | L89: 0 | M89: 0
A90: 7464 | B90: C | C90: Oulai | D90: 5.5 | E90: 0 | F90: 0 | G90: 0 | H90: 0 | I90: 0 | J90: 0 | K90: 1 | L90: 0 | M90: 0
A91: 7625 | B91: C | C91: Goncalves P. | D91: 6* | E91: 0 | F91: 0 | G91: 0 | H91: 0 | I91: 0 | J91: 0 | K91: 0 | L91: 0 | M91: 0
A92: 5694 | B92: A | C92: Beto | D92: 5.5 | E92: 0 | F92: 0 | G92: 0 | H92: 0 | I92: 0 | J92: 0 | K92: 0 | L92: 0 | M92: 0
A93: 7023 | B93: A | C93: Pellegrino M. | D93: 6 | E93: 0 | F93: 0 | G93: 0 | H93: 0 | I93: 0 | J93: 0 | K93: 0 | L93: 0 | M93: 0
A94: 7623 | B94: A | C94: Gnonto | D94: 5.5 | E94: 0 | F94: 0 | G94: 0 | H94: 0 | I94: 0 | J94: 0 | K94: 0 | L94: 0 | M94: 0
A95: 6619 | B95: ALL | C95: Vanoli | D95: 5.5 | E95: 0 | F95: 0 | G95: 0 | H95: 0 | I95: 0 | J95: 0 | K95: 0 | L95: 0 | M95: 0
A96: Frosinone
A97: Cod. | B97: Ruolo | C97: Nome | D97: Voto | E97: Gf | F97: Gs | G97: Rp | H97: Rs | I97: Rf | J97: Au | K97: Amm | L97: Esp | M97: Ass
A98: 6415 | B98: P | C98: Palmisani | D98: 6 | E98: 0 | F98: 3 | G98: 0 | H98: 0 | I98: 0 | J98: 0 | K98: 0 | L98: 0 | M98: 0
A99: 4375 | B99: D | C99: Terzic | D99: 6 | E99: 0 | F99: 0 | G99: 0 | H99: 0 | I99: 0 | J99: 0 | K99: 0 | L99: 0 | M99: 0
A100: 5757 | B100: D | C100: Cittadini | D100: 5.5 | E100: 0 | F100: 0 | G100: 0 | H100: 0 | I100: 0 | J100: 0 | K100: 0 | L100: 0 | M100: 0
...
